Date,VIX,CPI,Inflation,Credit_Spread,Term_Spread,Unemployment,Treasury_2Y,Industrial_Production,IP_Growth,MOM,MKT_RF,SMB,HML,RMW,CMA,RF
1919-01-31,,,,,,,,4.8739,,,,,,,,
1919-02-28,,,,,,,,4.6585,-4.419458749666583,,,,,,,
1919-03-31,,,,,,,,4.5238,-2.8914886766126524,,,,,,,
1919-04-30,,,,,,,,4.6046,1.7861090233874277,,,,,,,
1919-05-31,,,,,,,,4.6315,0.5841984102853859,,,,,,,
1919-06-30,,,,,,,,4.9277,6.395336284141195,,,,,,,
1919-07-31,,,,,,,,5.2239,6.0109178724354395,,,,,,,
1919-08-31,,,,,,,,5.3047,1.5467371121193008,,,,,,,
1919-09-30,,,,,,,,5.197,-2.0302750391162583,,,,,,,
1919-10-31,,,,,,,,5.1432,-1.0352126226669256,,,,,,,
1919-11-30,,,,,,,,5.0624,-1.571006377352624,,,,,,,
1919-12-31,,,,,,,,5.1432,1.596080910240194,,,,,,,
1920-01-31,,,,,,,,5.6279,9.424093949292267,,,,,,,
1920-02-29,,,,,,,,5.6279,0.0,,,,,,,
1920-03-31,,,,,,,,5.5201,-1.9154569199879234,,,,,,,
1920-04-30,,,,,,,,5.2239,-5.365844821651777,,,,,,,
1920-05-31,,,,,,,,5.3586,2.578533279733519,,,,,,,
1920-06-30,,,,,,,,5.4124,1.0039935804127875,,,,,,,
1920-07-31,,,,,,,,5.2778,-2.4868819747247084,,,,,,,
1920-08-31,,,,,,,,5.3047,0.5096820644965749,,,,,,,
1920-09-30,,,,,,,,5.1162,-3.553452598638951,,,,,,,
1920-10-31,,,,,,,,4.9008,-4.210155975137797,,,,,,,
1920-11-30,,,,,,,,4.4969,-8.241511589944505,,,,,,,
1920-12-31,,,,,,,,4.2276,-5.988569903711449,,,,,,,
1921-01-31,,,,,,,,3.9853,-5.73138423691929,,,,,,,
1921-02-28,,,,,,,,3.9045,-2.0274508819913217,,,,,,,
1921-03-31,,,,,,,,3.7968,-2.758355743373031,,,,,,,
1921-04-30,,,,,,,,3.7968,0.0,,,,,,,
1921-05-31,,,,,,,,3.9045,2.8365992414664865,,,,,,,
1921-06-30,,,,,,,,3.8776,-0.6889486489947472,,,,,,,
1921-07-31,,,,,,,,3.8506,-0.6963069940169264,,,,,,,
1921-08-31,,,,,,,,3.9853,3.4981561315119647,,,,,,,
1921-09-30,,,,,,,,4.0122,0.6749805535342324,,,,,,,
1921-10-31,,,,,,,,4.2545,6.039080803549179,,,,,,,
1921-11-30,,,,,,,,4.2007,-1.2645434246092324,,,,,,,
1921-12-31,,,,,,,,4.1738,-0.6403694622324929,,,,,,,
1922-01-31,,,,,,,,4.3353,3.8693756289232883,,,,,,,
1922-02-28,,,,,,,,4.5238,4.348026664821347,,,,,,,
1922-03-31,,,,,,,,4.7662,5.358327070162261,,,,,,,
1922-04-30,,,,,,,,4.6046,-3.390541731358332,,,,,,,
1922-05-31,,,,,,,,4.847,5.264300916474851,,,,,,,
1922-06-30,,,,,,,,5.0893,4.998968434082918,,,,,,,
1922-07-31,,,,,,,,5.0893,0.0,,,,,,,
1922-08-31,,,,,,,,4.9816,-2.116204586092374,,,,,,,
1922-09-30,,,,,,,,5.2509,5.405893688774688,,,,,,,
1922-10-31,,,,,,,,5.5471,5.640937744005803,,,,,,,
1922-11-30,,,,,,,,5.7894,4.3680481693136874,,,,,,,
1922-12-31,,,,,,,,5.951,2.791308253014124,,,,,,,
1923-01-31,,,,,,,,5.8163,-2.2634851285498137,,,,,,,
1923-02-28,,,,,,,,5.8971,1.389199319154799,,,,,,,
1923-03-31,,,,,,,,6.0856,3.1964864085737066,,,,,,,
1923-04-30,,,,,,,,6.2203,2.213421848297603,,,,,,,
1923-05-31,,,,,,,,6.301,1.2973650788547175,,,,,,,
1923-06-30,,,,,,,,6.2472,-0.8538327249642874,,,,,,,
1923-07-31,,,,,,,,6.1933,-0.8627865283647118,,,,,,,
1923-08-31,,,,,,,,6.0856,-1.7389759901829338,,,,,,,
1923-09-30,,,,,,,,5.951,-2.211778624950711,,,,,,,
1923-10-31,,,,,,,,5.9241,-0.45202486976977374,,,,,,,
1923-11-30,,,,,,,,5.9241,0.0,,,,,,,
1923-12-31,,,,,,,,5.7894,-2.273763103256199,,,,,,,
1924-01-31,,,,,,,,5.924,2.3249386810377803,,,,,,,
1924-02-29,,,,,,,,6.0318,1.819716407832539,,,,,,,
1924-03-31,,,,,,,,5.9241,-1.785536655724651,,,,,,,
1924-04-30,,,,,,,,5.7356,-3.1819179284617083,,,,,,,
1924-05-31,,,,,,,,5.4932,-4.226236139200779,,,,,,,
1924-06-30,,,,,,,,5.2509,-4.410908031748351,,,,,,,
1924-07-31,,,,,,,,5.1701,-1.538783827534329,,,,,,,
1924-08-31,,,,,,,,5.3586,3.6459642946945037,,,,,,,
1924-09-30,,,,,,,,5.5471,3.5177098495875914,,,,,,,
1924-10-31,,,,,,,,5.6817,2.4264931225324915,,,,,,,
1924-11-30,,,,,,,,5.7894,1.8955594276360843,,,,,,,
1924-12-31,,,,,,,,5.951,2.791308253014124,,,,,,,
1925-01-31,,,,,,,,6.1395,3.1675348680894055,,,,,,,
1925-02-28,,,,,,,,6.1395,0.0,,,,,,,
1925-03-31,,,,,,,,6.1395,0.0,,,,,,,
1925-04-30,,,,,,,,6.1933,0.8762928577245699,,,,,,,
1925-05-31,,,,,,,,6.1664,-0.434340335523864,,,,,,,
1925-06-30,,,,,,,,6.1125,-0.874091852620662,,,,,,,
1925-07-31,,,,,,,,6.2741,2.6437627811860986,,,,,,,
1925-08-31,,,,,,,,6.1664,-1.716580864187689,,,,,,,
1925-09-30,,,,,,,,6.0856,-1.3103269330565603,,,,,,,
1925-10-31,,,,,,,,6.328,3.9831733929275748,,,,,,,
1925-11-30,,,,,,,,6.4626,2.1270543615676374,,,,,,,
1925-12-31,,,,,,,,6.5434,1.2502707888465858,,,,,,,
1926-01-31,,,,,,,,6.4357,-1.645933306843539,,,,,,,
1926-02-28,,,,,,,,6.4357,0.0,,,,,,,
1926-03-31,,,,,,,,6.5165,1.2554966825675473,,,,,,,
1926-04-30,,,,,,,,6.5165,0.0,,,,,,,
1926-05-31,,,,,,,,6.4626,-0.827131128673364,,,,,,,
1926-06-30,,,,,,,,6.5434,1.2502707888465858,,,,,,,
1926-07-31,,,,,,,,6.5703,0.411101262340674,,,,,,,
1926-08-31,,,,,,,,6.6511,1.2297764181239845,,,,,,,
1926-09-30,,,,,,,,6.7588,1.619281021184471,,,,,,,
1926-10-31,,,,,,,,6.7588,0.0,,,,,,,
1926-11-30,,,,,,,,6.7319,-0.3979996449073764,,,,,,,
1926-12-31,,,,,,,,6.705,-0.3995900117351736,,,,,,,
1927-01-31,,,,,,,,6.678,-0.4026845637583931,0.57,,,,,,
1927-02-28,,,,,,,,6.7319,0.8071278825995787,-1.51,,,,,,
1927-03-31,,,,,,,,6.8127,1.200255499933145,3.52,,,,,,
1927-04-30,,,,,,,,6.6511,-2.3720404538582485,4.35,,,,,,
1927-05-31,,,,,,,,6.705,0.8103922659409735,2.78,,,,,,
1927-06-30,,,,,,,,6.678,-0.4026845637583931,0.54,,,,,,
1927-07-31,,,,,,,,6.5972,-1.209943096735544,4.17,,,,,,
1927-08-31,,,,,,,,6.5972,0.0,1.36,,,,,,
1927-09-30,,,,,,,,6.4895,-1.6325107621415147,1.94,,,,,,
1927-10-31,,,,,,,,6.3549,-2.0741197318745686,-0.9,,,,,,
1927-11-30,,,,,,,,6.3549,0.0,-0.23,,,,,,
1927-12-31,,,,,,,,6.3818,0.42329540984122893,3.11,,,,,,
1928-01-31,,,,,,,,6.5165,2.110689774044938,-0.45,,,,,,
1928-02-29,,,,,,,,6.5703,0.8255965625719286,-1.07,,,,,,
1928-03-31,,,,,,,,6.6242,0.8203582789218178,4.75,,,,,,
1928-04-30,,,,,,,,6.5972,-0.4075963889979217,-5.85,,,,,,
1928-05-31,,,,,,,,6.678,1.2247620202510134,2.64,,,,,,
1928-06-30,,,,,,,,6.7319,0.8071278825995787,1.69,,,,,,
1928-07-31,,,,,,,,6.8127,1.200255499933145,2.54,,,,,,
1928-08-31,,,,,,,,6.9473,1.975721813671516,3.68,,,,,,
1928-09-30,,,,,,,,7.0012,0.7758409741914107,3.49,,,,,,
1928-10-31,,,,,,,,7.1358,1.9225275667028585,5.17,,,,,,
1928-11-30,,,,,,,,7.2704,1.8862636284649348,1.87,,,,,,
1928-12-31,,,,,,,,7.4051,1.852717869718301,1.44,,,,,,
1929-01-31,,,,,,,,7.5128,1.454403046549002,2.43,,,,,,
1929-02-28,,,,,,,,7.4858,-0.3593866467894835,3.07,,,,,,
1929-03-31,,,,,,,,7.5128,0.3606828929439754,-0.62,,,,,,
1929-04-30,,,,,,,,7.6474,1.7916089873282859,2.07,,,,,,
1929-05-31,,,,,,,,7.7821,1.761382953683599,-2.19,,,,,,
1929-06-30,,,,,,,,7.8359,0.6913301036995056,8.31,,,,,,
1929-07-31,,,,,,,,7.9436,1.3744432675251161,2.96,,,,,,
1929-08-31,,,,,,,,7.8628,-1.0171710559444103,4.4,,,,,,
1929-09-30,,,,,,,,7.809,-0.6842346237981412,2.96,,,,,,
1929-10-31,,,,,,,,7.6743,-1.7249327698809158,2.44,,,,,,
1929-11-30,,,,,,,,7.2974,-4.911197112440224,-2.04,,,,,,
1929-12-31,,,,,,,,6.9742,-4.428974703318989,5.42,,,,,,
1930-01-31,,,,,,,,6.9742,0.0,-5.46,,,,,,
1930-02-28,,,,,,,,6.9473,-0.38570732126981255,1.12,,,,,,
1930-03-31,,,,,,,,6.8396,-1.5502425402674436,-4.23,,,,,,
1930-04-30,,,,,,,,6.7857,-0.7880577811567924,4.13,,,,,,
1930-05-31,,,,,,,,6.678,-1.58716123612892,-0.76,,,,,,
1930-06-30,,,,,,,,6.4895,-2.8227014076070756,5.84,,,,,,
1930-07-31,,,,,,,,6.1933,-4.5642961707373475,-2.14,,,,,,
1930-08-31,,,,,,,,6.0587,-2.173316325706809,3.87,,,,,,
1930-09-30,,,,,,,,5.951,-1.777609058048757,11.59,,,,,,
1930-10-31,,,,,,,,5.7894,-2.7155099983196096,6.28,,,,,,
1930-11-30,,,,,,,,5.6548,-2.324938681037758,-1.34,,,,,,
1930-12-31,,,,,,,,5.5201,-2.3820471104194607,12.51,,,,,,
1931-01-31,,,,,,,,5.4932,-0.48731001249977535,-11.1,,,,,,
1931-02-28,,,,,,,,5.5201,0.48969635185320826,-13.58,,,,,,
1931-03-31,,,,,,,,5.6279,1.9528631727686152,9.71,,,,,,
1931-04-30,,,,,,,,5.6548,0.4779757991435485,10.97,,,,,,
1931-05-31,,,,,,,,5.574,-1.428874584423856,9.22,,,,,,
1931-06-30,,,,,,,,5.4394,-2.4147829207032623,-17.54,,,,,,
1931-07-31,,,,,,,,5.3586,-1.4854579549214986,8.37,,,,,,
1931-08-31,,,,,,,,5.1701,-3.5177098495875803,-3.32,,,,,,
1931-09-30,,,,,,,,4.9277,-4.688497321134988,9.3,,,,,,
1931-10-31,,,,,,,,4.7392,-3.825314041033334,2.9,,,,,,
1931-11-30,,,,,,,,4.6854,-1.135212694125609,8.03,,,,,,
1931-12-31,,,,,,,,4.6585,-0.5741238741622801,12.92,,,,,,
1932-01-31,,,,,,,,4.5238,-2.8914886766126524,-9.94,,,,,,
1932-02-29,,,,,,,,4.4161,-2.380741854193369,1.48,,,,,,
1932-03-31,,,,,,,,4.3623,-1.2182695138244104,10.04,,,,,,
1932-04-30,,,,,,,,4.0661,-6.789996102973217,7.65,,,,,,
1932-05-31,,,,,,,,3.9314,-3.3127566956051124,12.54,,,,,,
1932-06-30,,,,,,,,3.7968,-3.4237167421274806,1.92,,,,,,
1932-07-31,,,,,,,,3.6891,-2.8365992414665087,-45.63,,,,,,
1932-08-31,,,,,,,,3.7968,2.9194112385134696,-52.61,,,,,,
1932-09-30,,,,,,,,4.0391,6.38168984407923,2.46,,,,,,
1932-10-31,,,,,,,,4.1738,3.3349013394072813,4.62,,,,,,
1932-11-30,,,,,,,,4.1738,0.0,-0.96,,,,,,
1932-12-31,,,,,,,,4.093,-1.9358857635727644,4.64,,,,,,
1933-01-31,,,,,,,,4.0122,-1.974102125580257,-2.44,,,,,,
1933-02-28,,,,,,,,4.0391,0.6704551119086855,4.6,,,,,,
1933-03-31,,,,,,,,3.7968,-5.9988611324305,4.24,,,,,,
1933-04-30,,,,,,,,4.0661,7.092815002107011,-17.05,,,,,,
1933-05-31,,,,,,,,4.7392,16.55394604166156,-5.54,,,,,,
1933-06-30,,,,,,,,5.4663,15.342251856853473,4.25,,,,,,
1933-07-31,,,,,,,,5.9779,9.35916433419315,-0.35,,,,,,
1933-08-31,,,,,,,,5.7356,-4.053262851503037,7.54,,,,,,
1933-09-30,,,,,,,,5.4124,-5.634981518934379,1.64,,,,,,
1933-10-31,,,,,,,,5.1432,-4.973763949449406,-2.13,,,,,,
1933-11-30,,,,,,,,4.847,-5.759060507077307,6.46,,,,,,
1933-12-31,,,,,,,,4.8739,0.5549824633793943,4.01,,,,,,
1934-01-31,,,,,,,,5.0354,3.313568189745375,-3.48,,,,,,
1934-02-28,,,,,,,,5.2778,4.81391746435238,0.09,,,,,,
1934-03-31,,,,,,,,5.5201,4.590928038197739,-0.67,,,,,,
1934-04-30,,,,,,,,5.5201,0.0,-4.81,,,,,,
1934-05-31,,,,,,,,5.6278,1.9510516113838472,-2.39,,,,,,
1934-06-30,,,,,,,,5.5201,-1.9137140623334048,-0.79,,,,,,
1934-07-31,,,,,,,,5.1432,-6.827774859151104,8.8,,,,,,
1934-08-31,,,,,,,,5.0893,-1.0479856898429118,2.56,,,,,,
1934-09-30,,,,,,,,4.7931,-5.820053838445361,-0.06,,,,,,
1934-10-31,,,,,,,,5.0085,4.493960067597169,6.88,,,,,,
1934-11-30,,,,,,,,5.0624,1.076170510132779,3.77,,,,,,
1934-12-31,,,,,,,,5.3855,6.382348293299622,4.53,,,,,,
1935-01-31,,,,,,,,5.8163,7.9992572648779126,3.1,,,,,,
1935-02-28,,,,,,,,5.9241,1.8534119629317614,14.46,,,,,,
1935-03-31,,,,,,,,5.8971,-0.45576543272396464,2.37,,,,,,
1935-04-30,,,,,,,,5.7894,-1.826321412219567,-4.75,,,,,,
1935-05-31,,,,,,,,5.7894,0.0,-3.59,,,,,,
1935-06-30,,,,,,,,5.8702,1.395654126507062,2.66,,,,,,
1935-07-31,,,,,,,,5.8702,0.0,-4.79,,,,,,
1935-08-31,,,,,,,,6.0856,3.6693809410241585,-6.46,,,,,,
1935-09-30,,,,,,,,6.2472,2.655448928618376,8.31,,,,,,
1935-10-31,,,,,,,,6.4357,3.0173517735945676,1.82,,,,,,
1935-11-30,,,,,,,,6.5703,2.0914585825939636,-7.14,,,,,,
1935-12-31,,,,,,,,6.6511,1.2297764181239845,3.7,,,,,,
1936-01-31,,,,,,,,6.5434,-1.61928102118446,-2.95,,,,,,
1936-02-29,,,,,,,,6.3818,-2.4696640890057187,2.53,,,,,,
1936-03-31,,,,,,,,6.4626,1.2661004732207104,1.63,,,,,,
1936-04-30,,,,,,,,6.8665,6.2498065793952895,-7.67,,,,,,
1936-05-31,,,,,,,,7.0012,1.961698099468423,2.5,,,,,,
1936-06-30,,,,,,,,7.1358,1.9225275667028585,0.56,,,,,,
1936-07-31,,,,,,,,7.2704,1.8862636284649348,2.49,,,,,,
1936-08-31,,,,,,,,7.3781,1.4813490316901268,0.6,,,,,,
1936-09-30,,,,,,,,7.5128,1.825673276317752,1.41,,,,,,
1936-10-31,,,,,,,,7.6205,1.433553402193577,1.12,,,,,,
1936-11-30,,,,,,,,7.8359,2.826586182009061,2.04,,,,,,
1936-12-31,,,,,,,,8.0783,3.093454485126168,2.13,,,,,,
1937-01-31,,,,,,,,8.0513,-0.3342287362440244,-1.94,,,,,,
1937-02-28,,,,,,,,8.159,1.3376721771639621,2.72,,,,,,
1937-03-31,,,,,,,,8.3475,2.3103321485476114,3.33,,,,,,
1937-04-30,,,,,,,,8.3475,0.0,-3.54,,,,,,
1937-05-31,,,,,,,,8.3745,0.32345013477088624,0.57,,,,,,
1937-06-30,,,,,,,,8.2667,-1.2872410293151781,0.78,,,,,,
1937-07-31,,,,,,,,8.3206,0.6520134999455696,-0.45,,,,,,
1937-08-31,,,,,,,,8.2667,-0.6477898228493206,-1.86,,,,,,
1937-09-30,,,,,,,,7.9975,-3.256438482102897,-6.81,,,,,,
1937-10-31,,,,,,,,7.4051,-7.407314785870578,-1.46,,,,,,
1937-11-30,,,,,,,,6.678,-9.8189085900258,-1.32,,,,,,
1937-12-31,,,,,,,,6.0856,-8.87091943695717,4.85,,,,,,
1938-01-31,,,,,,,,5.951,-2.211778624950711,-1.74,,,,,,
1938-02-28,,,,,,,,5.8971,-0.9057301293900144,-2.84,,,,,,
1938-03-31,,,,,,,,5.8971,0.0,15.78,,,,,,
1938-04-30,,,,,,,,5.7894,-1.826321412219567,-9.85,,,,,,
1938-05-31,,,,,,,,5.6548,-2.324938681037758,6.98,,,,,,
1938-06-30,,,,,,,,5.7086,0.9514041168564802,-24.87,,,,,,
1938-07-31,,,,,,,,6.0318,5.661633325158522,-6.77,,,,,,
1938-08-31,,,,,,,,6.3549,5.356609967173975,3.49,,,,,,
1938-09-30,,,,,,,,6.5434,2.966215046656906,2.42,,,,,,
1938-10-31,,,,,,,,6.705,2.4696640890057076,-7.53,,,,,,
1938-11-30,,,,,,,,6.9742,4.014914243102163,3.32,,,,,,
1938-12-31,,,,,,,,7.055,1.1585558200223778,2.31,,,,,,
1939-01-31,,,,,,,,7.055,0.0,-2.99,,,,,,
1939-02-28,,,,,,,,7.1089,0.7639971651311139,3.12,,,,,,
1939-03-31,,,,,,,,7.1358,0.3783989084105821,-1.86,,,,,,
1939-04-30,,,,,,,,7.1089,-0.37697244877938907,2.73,,,,,,
1939-05-31,,,,,,,,7.0819,-0.37980559580245155,3.52,,,,,,
1939-06-30,,,,,,,,7.2435,2.2818735085217146,2.24,,,,,,
1939-07-31,,,,,,,,7.4589,2.973700559121961,-0.7,,,,,,
1939-08-31,,,,,,,,7.5666,1.443912641274192,5.9,,,,,,
1939-09-30,,,,,,,,8.0244,6.050273570692255,-31.45,,,,,,
1939-10-31,,,,,,,,8.4283,5.033398135686151,6.58,,,,,,
1939-11-30,,,,,,,,8.6437,2.5556755217541083,-0.29,,,,,,
1939-12-31,,,,,,,,8.6437,0.0,5.42,,,,,,
1940-01-31,,,,,,,,8.536,-1.2459941923019247,1.74,,,,,,
1940-02-29,,,,,,,,8.2667,-3.1548734770384224,1.67,,,,,,
1940-03-31,,,,,,,,8.0783,-2.279023068455366,-0.55,,,,,,
1940-04-30,,,,,,,,8.2398,1.9991829964225216,3.36,,,,,,
1940-05-31,,,,,,,,8.4822,2.941818976188748,2.89,,,,,,
1940-06-30,,,,,,,,8.7514,3.1737049350404334,-2.46,,,,,,
1940-07-31,,,,,,,,8.8592,1.2318029115341522,1.06,,,,,,
1940-08-31,,,,,,,,8.913,0.6072783095539158,-1.78,,,,,,
1940-09-30,,,,,,,,9.1015,2.1148883653090866,-0.06,,,,,,
1940-10-31,,,,,,,,9.2361,1.4788771081689855,-5.76,,,,,,
1940-11-30,,,,,,,,9.4516,2.333235889607077,1.31,,,,,,
1940-12-31,,,,,,,,9.7747,3.4184688306741817,3.54,,,,,,
1941-01-31,,,,,,,,10.017,2.4788484557070722,-4.75,,,,,,
1941-02-28,,,,,,,,10.3132,2.9569731456523973,1.07,,,,,,
1941-03-31,,,,,,,,10.6364,3.1338478842648287,2.46,,,,,,
1941-04-30,,,,,,,,10.6633,0.2529051182730946,3.03,,,,,,
1941-05-31,,,,,,,,11.148,4.545497172545088,2.61,,,,,,
1941-06-30,,,,,,,,11.2288,0.7247936849659187,-0.68,,,,,,
1941-07-31,,,,,,,,11.3634,1.1987033342832687,-1.51,,,,,,
1941-08-31,,,,,,,,11.4981,1.185384656000843,0.18,,,,,,
1941-09-30,,,,,,,,11.4981,0.0,-1.67,,,,,,
1941-10-31,,,,,,,,11.6058,0.9366764943773198,4.82,,,,,,
1941-11-30,,,,,,,,11.6596,0.4635613227868651,4.41,,,,,,
1941-12-31,,,,,,,,11.8481,1.6166935400871552,0.4,,,,,,
1942-01-31,,,,,,,,12.0905,2.0458976544762475,-3.63,,,,,,
1942-02-28,,,,,,,,12.3059,1.7815640378809672,-0.72,,,,,,
1942-03-31,,,,,,,,12.4405,1.09378428233613,-0.26,,,,,,
1942-04-30,,,,,,,,12.0905,-2.8133917447047962,-0.83,,,,,,
1942-05-31,,,,,,,,12.1174,0.22248873082171272,-4.77,,,,,,
1942-06-30,,,,,,,,12.1443,0.22199481737006366,-1.38,,,,,,
1942-07-31,,,,,,,,12.4405,2.43900430654711,0.8,,,,,,
1942-08-31,,,,,,,,12.8175,3.0304248221534547,-0.08,,,,,,
1942-09-30,,,,,,,,13.1137,2.310903062219616,-0.92,,,,,,
1942-10-31,,,,,,,,13.5445,3.2851140410410373,-4.41,,,,,,
1942-11-30,,,,,,,,13.8677,2.386208424083569,-1.07,,,,,,
1942-12-31,,,,,,,,14.1908,2.329874456470793,3.18,,,,,,
1943-01-31,,,,,,,,14.3255,0.9492065281731854,-0.3,,,,,,
1943-02-28,,,,,,,,14.7024,2.6309727409165484,-1.63,,,,,,
1943-03-31,,,,,,,,14.8102,0.7332136249863952,4.72,,,,,,
1943-04-30,,,,,,,,14.9986,1.2720962579843675,5.86,,,,,,
1943-05-31,,,,,,,,15.1063,0.7180670195884975,5.9,,,,,,
1943-06-30,,,,,,,,15.0256,-0.5342142020216656,-1.32,,,,,,
1943-07-31,,,,,,,,15.4833,3.0461345969545306,-4.51,,,,,,
1943-08-31,,,,,,,,15.8064,2.0867644494390714,0.9,,,,,,
1943-09-30,,,,,,,,16.2104,2.5559267132300834,1.73,,,,,,
1943-10-31,,,,,,,,16.4527,1.4947194393722496,-0.69,,,,,,
1943-11-30,,,,,,,,16.6681,1.3092076072620307,-4.47,,,,,,
1943-12-31,,,,,,,,16.4527,-1.2922888631577645,5.92,,,,,,
1944-01-31,,,,,,,,16.6412,1.1457086070979283,0.89,,,,,,
1944-02-29,,,,,,,,16.7758,0.80883590125711,0.34,,,,,,
1944-03-31,,,,,,,,16.7489,-0.16035002801655374,2.62,,,,,,
1944-04-30,,,,,,,,16.7489,0.0,0.51,,,,,,
1944-05-31,,,,,,,,16.6412,-0.6430273032855705,1.9,,,,,,
1944-06-30,,,,,,,,16.5874,-0.32329399322166275,-5.79,,,,,,
1944-07-31,,,,,,,,16.5604,-0.16277415387582206,0.14,,,,,,
1944-08-31,,,,,,,,16.7758,1.300693219970528,4.74,,,,,,
1944-09-30,,,,,,,,16.6681,-0.6419962088246245,-1.17,,,,,,
1944-10-31,,,,,,,,16.722,0.3233721899916775,-1.32,,,,,,
1944-11-30,,,,,,,,16.5873,-0.8055256548259893,1.36,,,,,,
1944-12-31,,,,,,,,16.5335,-0.32434452864540386,3.35,,,,,,
1945-01-31,,,,,,,,16.3719,-0.9774095019203455,0.03,,,,,,
1945-02-28,,,,,,,,16.3181,-0.3286118288042261,3.2,,,,,,
1945-03-31,,,,,,,,16.2104,-0.6600033092088009,-3.07,,,,,,
1945-04-30,,,,,,,,15.9142,-1.827222030301534,4.71,,,,,,
1945-05-31,,,,,,,,15.4833,-2.7076447449447594,0.15,,,,,,
1945-06-30,,,,,,,,15.1333,-2.2605000226049943,4.15,,,,,,
1945-07-31,,,,,,,,14.7832,-2.3134412190335185,-2.68,,,,,,
1945-08-31,,,,,,,,13.2483,-10.382731749553553,-1.3,,,,,,
1945-09-30,,,,,,,,12.0635,-8.94303420061443,1.39,,,,,,
1945-10-31,,,,,,,,11.5788,-4.017905251378129,0.17,,,,,,
1945-11-30,,,,,,,,12.0097,3.7214564549003404,4.31,,,,,,
1945-12-31,,,,,,,,12.0635,0.4479712232611899,1.25,,,,,,
1946-01-31,,,,,,,,11.3903,-5.580470012848671,3.79,,,,,,
1946-02-28,,,,,,,,10.8249,-4.963872768934974,-1.43,,,,,,
1946-03-31,,,,,,,,11.9558,10.447209673992376,2.7,,,,,,
1946-04-30,,,,,,,,11.7404,-1.8016360260292186,3.04,,,,,,
1946-05-31,,,,,,,,11.3096,-3.6693809410241585,-0.58,,,,,,
1946-06-30,,,,,,,,12.0097,6.190316191554079,-2.51,,,,,,
1946-07-31,,,,,,,,12.4136,3.3631148155241153,0.22,,,,,,
1946-08-31,,,,,,,,12.8714,3.6878907005220007,-0.05,,,,,,
1946-09-30,,,,,,,,13.1137,1.882468107587365,0.7,,,,,,
1946-10-31,,,,,,,,13.356,1.8476860077628832,0.91,,,,,,
1946-11-30,,,,,,,,13.4368,0.6049715483677831,0.28,,,,,,
1946-12-31,,,,,,,,13.5176,0.6013336508692513,0.09,,,,,,
1947-01-31,,21.48,,,,,,13.6792,1.1954784873054347,-6.32,,,,,,
1947-02-28,,21.62,0.6517690875232907,,,,,13.76,0.5906778174162186,-0.49,,,,,,
1947-03-31,,22.0,1.757631822386685,,,,,13.8407,0.5864825581395339,4.1,,,,,,
1947-04-30,,22.0,0.0,,,,,13.733,-0.778139833967928,5.41,,,,,,
1947-05-31,,21.95,-0.2272727272727315,,,,,13.7869,0.3924852544964663,3.37,,,,,,
1947-06-30,,22.08,0.5922551252847352,,,,,13.7869,0.0,-1.84,,,,,,
1947-07-31,,22.23,0.6793478260869623,,,,,13.7061,-0.5860635820960525,-3.38,,,,,,
1947-08-31,,22.4,0.7647323436797082,,,,,13.7869,0.5895185355425658,3.4,,,,,,
1947-09-30,,22.84,1.9642857142857295,,,,,13.8946,0.781176334056255,0.1,,,,,,
1947-10-31,,22.91,0.3064798598949148,,,,,14.0292,0.9687216616527161,1.56,,,,,,
1947-11-30,,23.06,0.6547359231776406,,,,,14.2177,1.3436261511704295,4.26,,,,,,
1947-12-31,,23.41,1.5177797051170838,,,,,14.2716,0.3791049185170481,3.62,,,,,,
1948-01-31,,23.68,1.1533532678342562,,,3.4,,14.3524,0.5661593654530783,-4.19,,,,,,
1948-02-29,,23.67,-0.04222972972972583,,,3.8,,14.3793,0.18742509963491916,1.41,,,,,,
1948-03-31,,23.5,-0.7182087029995898,,,4.0,,14.2177,-1.123837738971989,-0.34,,,,,,
1948-04-30,,23.82,1.3617021276595809,,,3.9,,14.2447,0.1899041335799767,4.1,,,,,,
1948-05-31,,24.01,0.7976490344248521,,,3.5,,14.487,1.700983523696542,2.33,,,,,,
1948-06-30,,24.15,0.5830903790087438,,,3.6,,14.6755,1.3011665631255553,3.98,,,,,,
1948-07-31,,24.4,1.0351966873705987,,,3.6,,14.6755,0.0,-1.61,,,,,,
1948-08-31,,24.43,0.12295081967212962,,,3.9,,14.6216,-0.36727879799665075,0.2,,,,,,
1948-09-30,,24.36,-0.2865329512893977,,,3.8,,14.5139,-0.7365814958691375,-1.36,,,,,,
1948-10-31,,24.31,-0.20525451559935126,,,3.7,,14.6217,0.7427362735033416,2.73,,,,,,
1948-11-30,,24.16,-0.6170300287947295,,,3.8,,14.4332,-1.28917978073686,0.58,,,,,,
1948-12-31,,24.05,-0.4552980132450313,,,4.0,,14.2985,-0.9332649724246744,4.66,,,,,,
1949-01-31,,24.01,-0.16632016632016633,,,4.3,,14.1639,-0.9413574850508866,-2.92,,,,,,
1949-02-28,,23.91,-0.4164931278633932,,,4.7,,14.0292,-0.9510092559252836,-0.43,,,,,,
1949-03-31,,23.91,0.0,,,5.0,,13.76,-1.9188549596555693,-0.81,,,,,,
1949-04-30,,23.92,0.04182350480970154,,,5.3,,13.6792,-0.5872093023255864,3.13,,,,,,
1949-05-31,,23.91,-0.04180602006689238,,,6.1,,13.4907,-1.3780045616702652,3.06,,,,,,
1949-06-30,,23.92,0.04182350480970154,,,6.2,,13.4638,-0.19939662137620218,-1.29,,,,,,
1949-07-31,,23.7,-0.9197324414715768,,,6.7,,13.4368,-0.20053773823140997,-1.47,,,,,,
1949-08-31,,23.7,0.0,,,6.8,,13.5715,1.0024708263872473,1.58,,,,,,
1949-09-30,,23.75,0.21097046413502962,,,6.6,,13.7061,0.9917842537670696,-1.32,,,,,,
1949-10-31,,23.67,-0.3368421052631465,,,7.9,,13.1945,-3.7326445889056648,0.02,,,,,,
1949-11-30,,23.7,0.12674271229402567,,,6.4,,13.5446,2.653378301565046,1.22,,,,,,
1949-12-31,,23.61,-0.37974683544304,,,6.6,,13.7869,1.7889048033902677,-0.82,,,,,,
1950-01-31,,23.51,-0.42354934349850826,,,6.5,,14.0292,1.757465420072668,-2.27,,,,,,
1950-02-28,,23.61,0.42535091450446316,,,6.4,,14.0831,0.3841986713426282,1.38,,,,,,
1950-03-31,,23.64,0.12706480304955914,,,6.3,,14.5409,3.250704745404076,1.46,,,,,,
1950-04-30,,23.65,0.04230118443315778,,,5.8,,15.0255,3.332668541837158,0.27,,,,,,
1950-05-31,,23.77,0.5073995771670337,,,5.5,,15.3756,2.330038933812517,0.29,,,,,,
1950-06-30,,23.88,0.462768195204033,,,5.4,,15.8334,2.977444782642613,-1.58,,,,,,
1950-07-31,,24.07,0.7956448911222935,,,5.0,,16.345,3.231144289918775,-0.52,,,,,,
1950-08-31,,24.2,0.540091400083087,,,4.5,,16.8566,3.130009177118387,3.2,,,,,,
1950-09-30,,24.34,0.5785123966942196,,,4.4,,16.7489,-0.6389188804385326,-0.2,,,,,,
1950-10-31,,24.5,0.6573541495480617,,,4.2,,16.8566,0.6430273032856038,1.51,,,,,,
1950-11-30,,24.6,0.40816326530612734,,,4.2,,16.8297,-0.15958141024881023,3.52,,,,,,
1950-12-31,,24.98,1.5447154471544655,,,4.3,,17.1259,1.7599838380957689,4.95,,,,,,
1951-01-31,,25.38,1.601281024819845,,,3.7,,17.1797,0.314144074180045,2.32,,,,,,
1951-02-28,,25.83,1.773049645390068,,,3.4,,17.2875,0.6274847639947234,-1.95,,,,,,
1951-03-31,,25.88,0.19357336430507743,,,3.4,,17.3682,0.4668112798264623,-2.93,,,,,,
1951-04-30,,25.92,0.15455950540959051,,,3.1,,17.3952,0.15545652399211463,5.98,,,,,,
1951-05-31,,25.99,0.2700617283950546,,,3.0,,17.3413,-0.30985559234730786,-0.96,,,,,,
1951-06-30,,25.93,-0.2308580223162715,,,3.2,,17.2605,-0.46593969310259054,-2.45,,,,,,
1951-07-31,,25.91,-0.07713073659852965,,,3.1,,16.9913,-1.5596303699197622,7.18,,,,,,
1951-08-31,,25.86,-0.1929756850636899,,,3.1,,16.8297,-0.951074961892262,0.64,,,,,,
1951-09-30,,26.03,0.6573859242072766,,,3.3,,16.9374,0.6399401058842402,0.6,,,,,,
1951-10-31,,26.16,0.49942374183633564,,,3.5,,16.9105,-0.15882012587529193,-0.21,,,,,,
1951-11-30,,26.32,0.6116207951070374,,,3.5,,17.0451,0.7959551757783734,0.51,,,,,,
1951-12-31,,26.47,0.5699088145896702,,,3.1,,17.1528,0.6318531425453466,1.75,,,,,,
1952-01-31,,26.45,-0.0755572346052169,,,3.2,,17.3413,1.0989459446854255,1.37,,,,,,
1952-02-29,,26.41,-0.15122873345935206,,,3.1,,17.449,0.6210607047914651,-0.68,,,,,,
1952-03-31,,26.39,-0.07572889057174681,,,2.9,,17.5029,0.30890022350851254,1.65,,,,,,
1952-04-30,,26.46,0.2652519893899141,,,2.9,,17.3413,-0.9232755714767227,-2.01,,,,,,
1952-05-31,,26.47,0.03779289493575089,,,3.0,,17.1798,-0.9313027281691699,0.56,,,,,,
1952-06-30,,26.53,0.22667170381565072,,,3.0,,17.0182,-0.9406395883537644,1.49,,,,,,
1952-07-31,,26.68,0.5653976630229929,,,3.2,,16.7489,-1.5824235230518013,-0.55,,,,,,
1952-08-31,,26.69,0.03748125937033109,,,3.4,,17.826,6.430870086990792,0.34,,,,,,
1952-09-30,,26.63,-0.22480329711502822,,,3.1,,18.4723,3.625603051722215,1.73,,,,,,
1952-10-31,,26.69,0.22530980097634767,,,3.0,,18.6608,1.0204468312013049,2.73,,,,,,
1952-11-30,,26.69,0.0,,,2.8,,19.0378,2.020277801594794,0.4,,,,,,
1952-12-31,,26.71,0.07493443237167607,,,2.7,,19.1455,0.5657166269211755,1.49,,,,,,
1953-01-31,,26.64,-0.2620741295395024,,,2.9,,19.1993,0.2810059805176346,0.74,,,,,,
1953-02-28,,26.59,-0.18768768768768762,,,2.6,,19.307,0.5609579515919672,0.8,,,,,,
1953-03-31,,26.63,0.150432493418573,,,2.6,,19.4686,0.8370021235821312,0.14,,,,,,
1953-04-30,,26.69,0.22530980097634767,,,2.7,,19.5494,0.4150272746884731,1.84,,,,,,
1953-05-31,,26.7,0.037467216185826935,,,2.5,,19.6571,0.5509120484516128,0.9,,,,,,
1953-06-30,,26.77,0.26217228464420206,,,2.5,,19.5763,-0.41104740780685267,0.0,,,,,,
1953-07-31,,26.79,0.07471049682479247,,,2.6,,19.8187,1.2382319437278744,-0.37,,,,,,
1953-08-31,,26.85,0.22396416573349232,,,2.7,,19.7109,-0.5439307320863729,2.14,,,,,,
1953-09-30,,26.89,0.14897579143389184,,,2.9,,19.307,-2.049120030034146,2.9,,,,,,
1953-10-31,,26.95,0.2231312755671233,,,3.1,,19.1455,-0.8364841767234732,0.23,,,,,,
1953-11-30,,26.85,-0.37105751391465214,,,3.5,,18.6877,-2.39116241414431,1.96,,,,,,
1953-12-31,,26.87,0.07448789571693482,,,4.5,,18.2299,-2.4497396683379913,5.21,,,,,,
1954-01-31,,26.94,0.2605135839225836,,,4.9,,18.0953,-0.7383474401943979,-5.84,,,,,,
1954-02-28,,26.99,0.18559762435039762,,,5.2,,18.1492,0.29786740203257,1.04,,,,,,
1954-03-31,,26.93,-0.22230455724341347,,,5.7,,18.0414,-0.5939655742401961,2.13,,,,,,
1954-04-30,,26.86,-0.25993316004455647,,,5.9,,17.9337,-0.5969603245867705,5.08,,,,,,
1954-05-31,,26.93,0.2606105733432562,,,5.9,,18.0414,0.6005453420097284,-2.03,,,,,,
1954-06-30,,26.94,0.03713330857779695,,,5.6,,18.0953,0.298757302648367,3.55,,,,,,
1954-07-31,,26.86,-0.29695619896066283,,,5.8,,18.1222,0.1486573861720908,0.43,,,,,,
1954-08-31,,26.85,-0.03723008190616994,,,6.0,,18.0953,-0.14843672401804175,-0.67,,,,,,
1954-09-30,,26.81,-0.14897579143390294,,,6.1,,18.1222,0.1486573861720908,1.66,,,,,,
1954-10-31,,26.72,-0.33569563595673424,,,5.7,,18.3377,1.1891492202933618,0.92,,,,,,
1954-11-30,,26.78,0.22455089820359042,,,5.3,,18.6338,1.614706315404879,1.87,,,,,,
1954-12-31,,26.77,-0.037341299477222645,,,5.0,,18.8762,1.300861874657877,-1.4,,,,,,
1955-01-31,,26.77,0.0,,,4.9,,19.307,2.2822390099702217,1.47,,,,,,
1955-02-28,,26.82,0.18677624206200338,,,4.7,,19.5494,1.2555031853731746,1.04,,,,,,
1955-03-31,,26.79,-0.11185682326622093,,,4.6,,20.0071,2.341248324756773,0.99,,,,,,
1955-04-30,,26.79,0.0,,,4.7,,20.2495,1.2115698926880913,0.01,,,,,,
1955-05-31,,26.77,-0.0746547219111604,,,4.3,,20.5726,1.5955949529617985,0.61,,,,,,
1955-06-30,,26.71,-0.22413149047441072,,,4.2,,20.5996,0.13124252646723455,4.72,,,,,,
1955-07-31,,26.76,0.18719580681392234,,,4.0,,20.7611,0.7839958057437979,-1.21,,,,,,
1955-08-31,,26.72,-0.1494768310911887,,,4.2,,20.7342,-0.1295692424775119,1.75,,,,,,
1955-09-30,,26.85,0.48652694610780145,,,4.1,,20.8688,0.64916900579719,1.8,,,,,,
1955-10-31,,26.82,-0.11173184357542443,,,4.3,,21.2189,1.6776240128804742,-0.51,,,,,,
1955-11-30,,26.88,0.22371364653244186,,,4.2,,21.2727,0.2535475448774305,2.57,,,,,,
1955-12-31,,26.87,-0.037202380952372494,,,4.2,,21.3535,0.37982954679001146,-1.21,,,,,,
1956-01-31,,26.83,-0.14886490509863348,,,4.0,,21.4882,0.6308099374809695,-1.5,,,,,,
1956-02-29,,26.86,0.1118151323145744,,,3.9,,21.2997,-0.8772256401187506,2.01,,,,,,
1956-03-31,,26.89,0.11169024571855424,,,4.2,,21.2997,0.0,3.52,,,,,,
1956-04-30,,26.93,0.14875418371140814,,,4.0,,21.4612,0.7582266416897854,2.67,,,,,,
1956-05-31,,27.03,0.3713330857779473,,,4.3,,21.2728,-0.8778633068048491,-1.61,,,,,,
1956-06-30,,27.15,0.443951165371792,,,4.3,,21.0843,-0.8861080816817801,2.67,,,,,,
1956-07-31,,27.29,0.5156537753222779,,,4.4,,20.438,-3.0653140014133773,2.54,,,,,,
1956-08-31,,27.31,0.07328691828507594,,,4.1,,21.2727,4.084059105587645,-0.71,,,,,,
1956-09-30,,27.35,0.1464664957890882,,,3.9,,21.7574,2.278507194667334,-0.77,,,,,,
1956-10-31,,27.51,0.5850091407678226,,,3.9,,21.9459,0.8663719010543636,2.49,,,,,,
1956-11-30,,27.51,0.0,,,4.3,,21.7574,-0.8589303696818096,3.42,,,,,,
1956-12-31,,27.63,0.4362050163576825,,,4.2,,22.0806,1.485471609659239,3.79,,,,,,
1957-01-31,,27.67,0.1447701773434673,,,4.2,,21.9998,-0.3659320851788439,-3.07,,,,,,
1957-02-28,,27.8,0.46982291290205147,,,3.9,,22.2152,0.9790998099982628,0.36,,,,,,
1957-03-31,,27.86,0.21582733812948174,,,3.7,,22.1883,-0.12108826389137795,-0.24,,,,,,
1957-04-30,,27.93,0.2512562814070307,,,3.9,,21.8921,-1.3349377825250364,1.0,,,,,,
1957-05-31,,28.0,0.25062656641603454,,,4.1,,21.8113,-0.3690829111871352,0.56,,,,,,
1957-06-30,,28.11,0.39285714285715034,,,4.3,,21.8652,0.24711961231105306,0.72,,,,,,
1957-07-31,,28.19,0.28459622909997595,,,4.2,,21.9998,0.6155900700656636,-0.07,,,,,,
1957-08-31,,28.28,0.3192621496984849,,,4.1,,21.9998,0.0,0.44,,,,,,
1957-09-30,,28.32,0.14144271570013522,,,4.4,,21.8113,-0.8568259711452031,0.6,,,,,,
1957-10-31,,28.32,0.0,,,4.5,,21.4882,-1.4813422400315468,2.03,,,,,,
1957-11-30,,28.41,0.3177966101694851,,,5.1,,20.9765,-2.3813069498608397,1.27,,,,,,
1957-12-31,,28.47,0.21119324181626542,,,5.2,,20.5726,-1.9254880461468837,7.81,,,,,,
1958-01-31,,28.64,0.5971197752019819,,,5.8,,20.1956,-1.8325345362278145,-7.57,,,,,,
1958-02-28,,28.7,0.20949720670391248,,,6.4,,19.7648,-2.133137911228178,3.72,,,,,,
1958-03-31,,28.87,0.5923344947735165,,,6.7,,19.5225,-1.2259167813486571,-1.79,,,,,,
1958-04-30,,28.94,0.24246622791825878,,,7.4,,19.1993,-1.6555256755026226,1.9,,,,,,
1958-05-31,,28.94,0.0,,,7.4,,19.3878,0.9818066283666438,-1.74,,,,,,
1958-06-30,,28.91,-0.10366275051831852,,,7.3,,19.8994,2.638772836526071,-0.89,,,,,,
1958-07-31,,28.89,-0.06918021445866396,,,7.5,,20.1956,1.4884870900630176,-3.58,,,,,,
1958-08-31,,28.94,0.1730702665282191,,,7.4,,20.5995,1.999940581116677,0.14,,,,,,
1958-09-30,,28.91,-0.10366275051831852,,,7.1,,20.7881,0.9155562028204667,-1.12,,,,,,
1958-10-31,,28.91,0.0,,,6.7,,21.0304,1.1655706870757898,3.13,,,,,,
1958-11-30,,28.95,0.13836042891732792,,,6.2,,21.6497,2.944784692635416,1.53,,,,,,
1958-12-31,,28.97,0.0690846286701241,,,6.2,,21.6767,0.12471304452255083,-0.71,,,,,,
1959-01-31,,29.01,0.1380738695202055,,,6.0,,21.9998,1.490540534306417,-0.29,,,,,,
1959-02-28,,29.0,-0.03447087211306821,,,5.9,,22.4306,1.9581996199965257,3.44,,,,,,
1959-03-31,,28.97,-0.1034482758620725,,,5.6,,22.7538,1.4408887858550434,0.22,,,,,,
1959-04-30,,28.98,0.034518467380051376,,,5.2,,23.2384,2.129754150954999,3.17,,,,,,
1959-05-31,,29.04,0.20703933747412417,,,5.1,,23.5885,1.5065581107132964,1.5,,,,,,
1959-06-30,,29.11,0.24104683195591559,,,5.0,,23.6155,0.11446255590648047,3.14,,,,,,
1959-07-31,,29.15,0.13740982480248132,,,5.1,,23.05,-2.394613707099147,-0.35,,,,,,
1959-08-31,,29.18,0.10291595197255976,,,5.2,,22.2691,-3.387852494577004,-1.0,,,,,,
1959-09-30,,29.25,0.23989033584648212,,,5.5,,22.2421,-0.12124423528566686,0.78,,,,,,
1959-10-31,,29.35,0.34188034188034067,,,5.7,,22.0806,-0.7261005030999801,3.43,,,,,,
1959-11-30,,29.35,0.0,,,5.8,,22.2152,0.6095848844687168,2.3,,,,,,
1959-12-31,,29.41,0.20442930153321548,,,5.3,,23.5885,6.181803449890166,1.03,,,,,,
1960-01-31,,29.37,-0.13600816048963127,,,5.2,,24.2078,2.625431884180851,-3.51,,,,,,
1960-02-29,,29.41,0.13619339462036528,,,4.8,,23.9924,-0.88979585092408,4.0,,,,,,
1960-03-31,,29.41,0.0,,,5.4,,23.777,-0.8977842983611484,1.41,,,,,,
1960-04-30,,29.54,0.44202652159128775,,,5.2,,23.5885,-0.7927829414980936,2.84,,,,,,
1960-05-31,,29.57,0.10155721056195333,,,5.1,,23.5616,-0.11403862051423408,4.79,,,,,,
1960-06-30,,29.61,0.1352722353736846,,,5.4,,23.2654,-1.2571302458237121,0.89,,,,,,
1960-07-31,,29.55,-0.20263424518742745,,,5.5,,23.1846,-0.34729684424080753,-0.71,,,,,,
1960-08-31,,29.61,0.20304568527917954,,,5.6,,23.1577,-0.11602529265115624,1.51,,,,,,
1960-09-30,,29.61,0.0,,,5.5,,22.9153,-1.0467360748260823,0.35,,,,,,
1960-10-31,,29.75,0.47281323877068626,,,6.1,,22.8884,-0.11738881882409347,1.26,,,,,,
1960-11-30,,29.78,0.10084033613446675,,,6.1,,22.5653,-1.4116320931126691,3.63,,,,,,
1960-12-31,,29.81,0.1007387508394908,,,6.6,,22.1344,-1.909569117184351,1.36,,,,,,
1961-01-31,,29.84,0.10063737001007045,,,6.6,,22.1613,0.12153028769699148,-4.0,,,,,,
1961-02-28,,29.84,0.0,,,6.9,,22.1344,-0.12138277086634064,1.0,,,,,,
1961-03-31,,29.84,0.0,,,6.9,,22.2691,0.6085550093971381,4.32,,,,,,
1961-04-30,,29.81,-0.10053619302949901,,,7.0,,22.7268,2.055314314453649,3.67,,,,,,
1961-05-31,,29.84,0.10063737001007045,,,7.1,,23.0769,1.5404720418184636,-1.57,,,,,,
1961-06-30,,29.84,0.0,,,6.9,,23.4,1.4001014001014056,0.3,,,,,,
1961-07-31,,29.92,0.2680965147453085,,,7.0,,23.6693,1.1508547008546977,0.22,,,,,,
1961-08-31,,29.94,0.06684491978610207,,,6.6,,23.8847,0.9100395871445288,1.64,,,,,,
1961-09-30,,29.98,0.13360053440214514,,,6.7,,23.8578,-0.11262439972031801,0.79,,,,,,
1961-10-31,,29.98,0.0,,,6.5,,24.3156,1.9188693006060964,3.07,,,,,,
1961-11-30,,29.98,0.0,,,6.1,,24.6926,1.5504449818223742,1.35,,,,,,
1961-12-31,,30.01,0.10006671114075605,,,6.0,,24.908,0.872326121996081,-2.18,,,,,,
1962-01-31,,30.04,0.09996667777407708,,,5.8,,24.6925,-0.8651838766661424,-2.04,,,,,,
1962-02-28,,30.11,0.23302263648468102,,,5.5,,25.0964,1.6357193479801468,-1.0,,,,,,
1962-03-31,,30.17,0.19926934573231136,,,5.6,,25.2311,0.5367303677021429,1.89,,,,,,
1962-04-30,,30.21,0.13258203513424327,,,5.6,,25.285,0.21362524820558448,2.89,,,,,,
1962-05-31,,30.24,0.09930486593843213,,,5.5,,25.258,-0.10678267747676884,0.41,,,,,,
1962-06-30,,30.21,-0.09920634920633775,,,5.5,,25.2042,-0.21300182120516098,6.4,,,,,,
1962-07-31,,30.22,0.033101621979469975,,,5.4,,25.4465,0.9613477118892932,0.5,,,,,,
1962-08-31,,30.28,0.19854401058903015,,,5.7,,25.4734,0.10571198396636117,-0.56,,,,,,
1962-09-30,,30.42,0.4623513870541718,,,5.6,,25.635,0.6343872431634479,3.96,,,,,,
1962-10-31,,30.38,-0.13149243918475495,,,5.4,,25.6619,0.10493465964500626,0.79,,,,,,
1962-11-30,,30.38,0.0,,,5.7,,25.7696,0.41968833172914,-7.23,,,,,,
1962-12-31,,30.38,0.0,,,5.5,,25.7696,0.0,5.9,,,,,,
1963-01-31,,30.44,0.19749835418039208,,,5.7,,25.9581,0.7314820563765201,-2.14,,,,,,
1963-02-28,,30.48,0.13140604467805073,,,5.9,,26.2544,1.1414548830615434,2.52,,,,,,
1963-03-31,,30.51,0.09842519685039353,,,5.7,,26.4159,0.6151349868974254,1.58,,,,,,
1963-04-30,,30.48,-0.0983284169124965,,,5.7,,26.6582,0.9172505952854237,-0.06,,,,,,
1963-05-31,,30.51,0.09842519685039353,,,5.9,,26.9814,1.2123849322159819,0.29,,,,,,
1963-06-30,,30.61,0.32776138970829205,,,5.6,,27.0622,0.2994655577545968,1.16,,,,,,
1963-07-31,,30.69,0.2613524991832872,,,5.6,,26.9545,-0.3979720791362218,1.01,-0.39,-0.48,-0.84,0.64,-1.15,0.27
1963-08-31,,30.75,0.19550342130987275,,,5.4,,27.0083,0.19959561483240407,1.0,5.08,-0.8,1.72,0.4,-0.38,0.25
1963-09-30,,30.72,-0.09756097560975618,,,5.5,,27.2776,0.9971008912075252,0.12,-1.57,-0.43,-0.02,-0.78,0.15,0.27
1963-10-31,,30.75,0.09765625,,,5.5,,27.4661,0.6910432002815492,3.13,2.54,-1.34,-0.03,2.79,-2.25,0.29
1963-11-30,,30.78,0.09756097560975618,,,5.7,,27.6007,0.4900586541227048,-0.77,-0.86,-0.85,1.78,-0.43,2.27,0.27
1963-12-31,,30.88,0.32488628979856493,,,5.5,,27.5469,-0.19492259254293431,1.84,1.83,-1.89,-0.21,0.12,-0.25,0.29
1964-01-31,,30.94,0.19430051813471572,,,5.6,,27.7892,0.8795908069510583,0.81,2.27,0.1,1.58,0.21,1.48,0.3
1964-02-29,,30.91,-0.09696186166774368,,,5.4,,27.9777,0.6783210743741996,0.33,1.55,0.33,2.77,0.11,0.81,0.26
1964-03-31,,30.94,0.09705596894209467,,,5.4,,27.9777,0.0,0.73,1.41,1.41,3.3,-2.03,2.98,0.31
1964-04-30,,30.95,0.03232062055591456,,,5.3,,28.4355,1.6363031986189158,-0.64,0.11,-1.48,-0.56,-1.32,-1.13,0.29
1964-05-31,,30.98,0.09693053311794486,,,5.1,,28.597,0.5679520317912523,2.53,1.41,-0.62,1.82,-0.15,0.13,0.26
1964-06-30,,31.01,0.09683666881858954,,,5.2,,28.6778,0.28254712032731444,0.47,1.27,0.13,0.69,-0.33,0.1,0.3
1964-07-31,,31.02,0.032247662044504466,,,4.9,,28.8663,0.657302861446829,-0.37,1.74,0.52,0.79,0.13,1.83,0.3
1964-08-31,,31.05,0.09671179883945502,,,5.0,,29.0548,0.6530106040607997,-0.24,-1.44,0.32,0.07,0.12,0.27,0.28
1964-09-30,,31.08,0.09661835748790981,,,5.1,,29.1625,0.3706788551289364,-0.39,2.69,-0.33,1.72,-0.52,0.54,0.28
1964-10-31,,31.12,0.12870012870014325,,,5.1,,28.7586,-1.3849978568366894,0.19,0.6,0.92,1.08,-0.23,0.49,0.29
1964-11-30,,31.21,0.2892030848329119,,,4.8,,29.6472,3.0898583380275735,1.1,-0.01,-0.17,-2.04,0.61,-0.25,0.29
1964-12-31,,31.25,0.1281640499839698,,,5.0,,29.9973,1.1808872338703091,-0.7,0.04,-0.69,-2.43,1.01,-1.49,0.31
1965-01-31,,31.28,0.09600000000000719,,,4.9,,30.3204,1.0770969387244866,-1.39,3.54,2.46,0.36,1.01,0.05,0.28
1965-02-28,,31.28,0.0,,,5.1,,30.5089,0.6216936452025701,0.24,0.44,3.24,0.22,0.26,-0.62,0.3
1965-03-31,,31.31,0.09590792838873874,,,4.7,,30.9128,1.323875983729339,0.17,-1.34,2.1,1.15,-0.32,0.62,0.36
1965-04-30,,31.38,0.2235707441711865,,,4.8,,31.0474,0.43541833803473207,2.53,3.11,1.09,0.73,0.35,-2.2,0.31
1965-05-31,,31.48,0.31867431485022024,,,4.6,,31.2898,0.7807417046193921,0.56,-0.78,0.08,-1.55,-0.47,0.55,0.31
1965-06-30,,31.61,0.41296060991105055,,,4.6,,31.5321,0.7743737575823362,-3.18,-5.51,-4.19,0.23,0.23,0.42,0.35
1965-07-31,,31.58,-0.0949066751028238,,,4.4,,31.8283,0.9393602075345342,4.09,1.44,1.1,2.19,-1.41,-0.08,0.31
1965-08-31,,31.55,-0.09499683343887622,,,4.4,,31.963,0.42320827691080254,2.57,2.73,2.77,-0.98,2.03,-0.81,0.33
1965-09-30,,31.62,0.22187004754359307,,,4.3,,32.0438,0.25279229108656764,3.28,2.86,0.7,-0.14,-0.85,0.73,0.31
1965-10-31,,31.65,0.0948766603415585,,,4.2,,32.3669,1.00830737927462,3.44,2.6,3.45,1.55,1.19,-0.76,0.31
1965-11-30,,31.75,0.3159557661927437,,,4.1,,32.5015,0.4158569402692214,4.41,-0.02,5.22,0.16,-1.08,-0.87,0.35
1965-12-31,,31.85,0.31496062992126816,,,4.0,,32.9054,1.242711874836555,-0.1,1.01,2.62,2.15,-1.3,-0.55,0.33
1966-01-31,,31.88,0.09419152276295417,,,4.0,,33.2286,0.982209606933826,5.25,0.72,4.85,3.27,-2.65,-0.26,0.38
1966-02-28,,32.08,0.6273525721455453,,,3.8,,33.444,0.648236759899623,4.59,-1.21,4.79,0.38,-0.16,-1.45,0.35
1966-03-31,,32.18,0.31172069825435855,,,3.8,,33.9018,1.3688554000717668,1.46,-2.51,0.21,-2.13,1.29,-0.05,0.38
1966-04-30,,32.28,0.3107520198881275,,,3.8,,33.9556,0.1586936386858362,5.93,2.13,3.33,-0.36,0.42,-0.92,0.34
1966-05-31,,32.35,0.21685254027261625,,,3.9,,34.2787,0.9515367126482932,-4.73,-5.67,-5.11,-1.6,1.64,-1.48,0.41
1966-06-30,,32.38,0.09273570324574987,,,3.8,,34.4403,0.47142978000915825,3.24,-1.44,1.32,0.49,0.08,0.79,0.38
1966-07-31,,32.45,0.21618282890674134,,,3.8,,34.6288,0.5473239199426105,-1.3,-1.63,-0.36,0.91,-0.35,1.72,0.35
1966-08-31,,32.65,0.6163328197226425,,,3.8,,34.6557,0.07768100540592737,-2.21,-7.94,-3.17,0.51,-0.68,0.8,0.41
1966-09-30,,32.75,0.3062787136294043,,,3.7,,34.9789,0.9326027175904583,-1.87,-1.06,-1.01,0.47,-1.18,2.34,0.4
1966-10-31,,32.85,0.3053435114503955,,,3.7,,35.2212,0.692703315427301,-5.2,3.86,-6.46,2.68,-3.88,4.2,0.45
1966-11-30,,32.88,0.09132420091324533,,,3.6,,34.9788,-0.6882218663759376,5.76,1.38,3.43,-4.74,4.79,-6.63,0.4
1966-12-31,,32.92,0.12165450121655041,,,3.8,,35.0596,0.23099706107700957,0.99,0.13,1.94,-1.07,0.26,-0.24,0.4
1967-01-31,,32.9,-0.060753341433783525,,,3.9,,35.225,0.47176807493525263,-6.94,8.15,9.12,2.22,1.48,-3.23,0.43
1967-02-28,,33.0,0.3039513677811634,,,3.8,,34.8255,-1.13413768630235,3.51,0.77,3.03,-2.25,1.7,-0.96,0.36
1967-03-31,,33.0,0.0,,,3.8,,34.6292,-0.5636674276033427,1.39,4.0,1.84,0.41,0.92,-1.58,0.39
1967-04-30,,33.1,0.3030303030303161,,,3.8,,34.9558,0.9431346955748543,0.52,3.89,0.4,-2.27,3.04,-3.69,0.32
1967-05-31,,33.1,0.0,,,3.8,,34.6508,-0.8725304527432032,0.65,-4.32,2.43,0.84,-1.21,1.64,0.33
1967-06-30,,33.3,0.6042296072507503,,,3.9,,34.6465,-0.01240952589837141,6.01,2.42,6.44,0.78,-0.8,-2.51,0.27
1967-07-31,,33.4,0.30030030030030463,,,3.8,,34.5676,-0.22772863059762338,-1.08,4.58,3.59,2.78,0.45,2.66,0.32
1967-08-31,,33.5,0.29940119760478723,,,3.8,,35.2299,1.9159559819021288,-1.33,-0.9,0.77,1.43,0.3,1.35,0.31
1967-09-30,,33.6,0.29850746268658135,,,3.8,,35.1727,-0.16236208447938383,2.39,3.11,2.42,-2.42,0.22,-0.93,0.32
1967-10-31,,33.7,0.29761904761904656,,,4.0,,35.4591,0.8142678838986006,3.64,-3.08,0.57,-3.29,0.97,-2.74,0.39
1967-11-30,,33.9,0.5934718100890191,,,3.9,,35.9663,1.4303803537032644,1.22,0.37,-0.06,-1.7,1.31,-2.28,0.36
1967-12-31,,34.0,0.2949852507374784,,,3.8,,36.3536,1.0768413765108065,3.21,3.05,5.6,-0.59,-0.74,-0.03,0.33
1968-01-31,,34.1,0.2941176470588225,,,3.7,,36.3145,-0.10755468509308086,-4.49,-4.03,4.68,4.85,-4.89,6.46,0.4
1968-02-29,,34.2,0.2932551319648091,,,3.8,,36.4446,0.3582590976056288,-3.36,-3.74,-2.92,1.25,-0.08,2.46,0.39
1968-03-31,,34.3,0.29239766081869956,,,3.7,,36.5584,0.3122547647662399,3.19,0.21,-1.55,-0.66,1.07,-1.15,0.38
1968-04-30,,34.4,0.291545189504383,,,3.5,,36.6113,0.14469998687032248,5.13,9.01,6.17,-1.11,2.79,-3.73,0.43
1968-05-31,,34.5,0.29069767441860517,,,3.5,,37.022,1.121784804145154,3.77,2.28,6.98,0.79,0.49,-1.92,0.45
1968-06-30,,34.7,0.5797101449275477,,,3.7,,37.158,0.36734914375236016,-2.1,0.7,-0.33,0.65,-1.56,2.8,0.43
1968-07-31,,34.9,0.5763688760806795,,,3.7,,37.101,-0.15339899886970265,-0.88,-2.69,-1.38,5.33,-3.18,3.77,0.48
1968-08-31,,35.0,0.2865329512893977,,,3.5,,37.2045,0.2789682218808265,1.93,1.35,2.3,0.98,-0.66,0.5,0.42
1968-09-30,,35.1,0.28571428571428914,,,3.4,,37.3454,0.37871762824388533,-0.68,4.05,2.81,0.3,-1.94,0.87,0.43
1968-10-31,,35.3,0.5698005698005604,,,3.4,,37.4196,0.19868578191692965,-1.44,0.44,-0.44,2.82,-1.36,2.86,0.44
1968-11-30,,35.4,0.28328611898016387,,,3.4,,37.9036,1.2934398016012816,1.79,5.42,2.39,-0.95,0.44,-2.51,0.42
1968-12-31,,35.6,0.5649717514124353,,,3.4,,38.0233,0.3158011376228176,0.32,-3.93,3.56,0.04,-1.91,1.91,0.43
1969-01-31,,35.7,0.2808988764045006,,,3.4,,38.2533,0.6048922634279696,-0.13,-1.25,-0.42,1.67,-1.52,1.29,0.53
1969-02-28,,35.8,0.28011204481790397,,,3.4,,38.4981,0.6399447890770071,-2.5,-5.86,-4.16,0.88,1.99,0.75,0.46
1969-03-31,,36.1,0.8379888268156499,,,3.4,,38.8,0.7841945446658283,4.06,2.67,-0.47,-0.43,-1.34,-0.48,0.46
1969-04-30,,36.3,0.5540166204986097,,,3.4,,38.6573,-0.36778350515462854,1.1,1.47,-0.79,0.03,0.28,-0.15,0.53
1969-05-31,,36.4,0.27548209366392573,,,3.4,,38.5111,-0.3781950627695152,1.77,-0.1,-0.17,0.62,-0.87,1.04,0.48
1969-06-30,,36.6,0.5494505494505475,,,3.5,,38.8874,0.9771208820314126,-2.3,-7.18,-5.48,-1.09,4.27,-1.62,0.51
1969-07-31,,36.8,0.5464480874316724,,,3.5,,39.0927,0.5279344980636536,1.81,-7.0,-3.39,1.18,1.51,1.84,0.53
1969-08-31,,36.9,0.27173913043478937,,,3.5,,39.1825,0.22971040629067296,2.1,4.69,0.58,-3.75,1.06,-3.98,0.5
1969-09-30,,37.1,0.5420054200542035,,,3.7,,39.1737,-0.02245900593377259,2.41,-2.97,1.29,-3.22,3.36,-0.62,0.62
1969-10-31,,37.3,0.5390835579514697,,,3.7,,39.1852,0.02935643046229064,-4.36,5.05,3.91,-3.12,0.08,-2.08,0.6
1969-11-30,,37.5,0.536193029490617,,,3.5,,38.8158,-0.9427028572011831,3.68,-3.8,-2.42,-1.25,1.4,0.21,0.52
1969-12-31,,37.7,0.5333333333333412,,,3.5,,38.7116,-0.26844738482784125,5.27,-2.63,-3.72,-2.88,2.55,-1.92,0.64
1970-01-31,,37.9,0.5305039787798282,,,3.9,,37.9948,-1.8516413684786959,0.56,-8.11,3.08,3.17,-1.75,3.96,0.6
1970-02-28,,38.1,0.5277044854881341,,,4.2,,37.9698,-0.06579847768641844,0.27,5.14,-2.57,3.69,-2.41,2.87,0.62
1970-03-31,,38.3,0.5249343832020914,,,4.4,,37.9205,-0.1298400307612968,-0.37,-1.06,-2.42,4.08,-1.06,4.42,0.57
1970-04-30,,38.5,0.5221932114882533,,,4.6,,37.823,-0.2571168629105558,-0.83,-10.99,-6.34,6.14,-0.63,5.9,0.5
1970-05-31,,38.6,0.25974025974027093,,,4.8,,37.7789,-0.11659572217962433,-2.66,-6.91,-4.46,3.32,-1.29,3.79,0.53
1970-06-30,,38.8,0.5181347150258864,,,4.9,,37.6567,-0.32346097954149,5.63,-5.8,-2.1,0.44,0.14,2.71,0.58
1970-07-31,,38.9,0.2577319587628857,,,5.0,,37.7491,0.24537466108287553,-3.11,6.92,-0.65,0.88,-0.32,1.72,0.52
1970-08-31,,39.0,0.25706940874037354,,,5.1,,37.6818,-0.17828239613658647,-6.73,4.5,1.44,1.39,0.58,-0.14,0.53
1970-09-30,,39.2,0.512820512820511,,,5.4,,37.4221,-0.6891921298876391,-8.64,4.18,8.5,-5.44,0.24,-6.01,0.54
1970-10-31,,39.4,0.5102040816326481,,,5.5,,36.6735,-2.000422210405095,9.46,-2.28,-4.35,0.23,1.81,2.26,0.46
1970-11-30,,39.6,0.5076142131979822,,,5.9,,36.4514,-0.6056144082239201,2.6,4.62,-3.88,1.56,1.55,1.4,0.46
1970-12-31,,39.8,0.5050505050504972,,,6.1,,37.2885,2.2964824396319417,-2.29,5.74,2.89,1.07,0.29,0.28,0.42
1971-01-31,,39.9,0.2512562814070307,,,5.9,,37.5753,0.7691379379701546,-6.85,4.83,7.44,1.57,-2.03,-0.05,0.38
1971-02-28,,39.9,0.0,,,5.9,,37.5037,-0.1905507075126378,0.83,1.41,2.01,-1.25,0.65,-0.78,0.33
1971-03-31,,40.0,0.25062656641603454,,,6.0,,37.4631,-0.10825598540945558,-1.36,4.12,2.22,-4.0,1.78,-2.67,0.3
1971-04-30,,40.1,0.24999999999999467,,,5.9,,37.6735,0.5616193000579139,1.34,3.15,-0.36,0.89,-1.45,0.84,0.28
1971-05-31,,40.3,0.4987531172069737,,,5.9,,37.8646,0.5072531089492793,0.93,-4.0,-1.12,-1.33,1.51,0.21,0.29
1971-06-30,,40.5,0.496277915632759,,,5.9,,38.0234,0.41938908637619843,2.69,-0.09,-1.51,-1.98,1.59,-1.69,0.37
1971-07-31,,40.6,0.24691358024691024,,,6.0,,37.9131,-0.2900845268966057,-2.32,-4.49,-1.43,-0.02,0.58,1.39,0.4
1971-08-31,,40.7,0.24630541871921707,,,6.1,,37.693,-0.580538125344543,3.45,3.79,-0.23,2.64,-0.43,2.59,0.47
1971-09-30,,40.8,0.24570024570023108,,,6.0,,38.3056,1.6252354548589976,2.1,-0.86,0.26,-2.9,2.54,-1.58,0.37
1971-10-31,,40.9,0.2450980392156854,,,5.8,,38.5924,0.748715592498228,0.5,-4.42,-1.59,-0.51,1.56,-1.39,0.37
1971-11-30,,41.0,0.24449877750611915,,,6.0,,38.7561,0.4241767809206154,1.51,-0.46,-2.86,-1.67,2.41,-0.44,0.37
1971-12-31,,41.1,0.24390243902439046,,,6.0,,39.2035,1.1543989204279903,-0.61,8.71,3.24,-0.38,-0.43,-1.68,0.37
1972-01-31,,41.2,0.24330900243310083,,,5.8,,40.1408,2.3908579591108037,0.07,2.47,6.09,2.12,-1.69,0.54,0.29
1972-02-29,,41.4,0.4854368932038833,,,5.7,,40.5459,1.0091976243622458,2.53,2.87,0.87,-2.83,1.69,-0.5,0.25
1972-03-31,,41.4,0.0,,,5.8,,40.8263,0.691561908848981,2.94,0.62,-0.47,-1.61,1.58,-0.2,0.27
1972-04-30,,41.5,0.24154589371980784,,,5.7,,41.2348,1.0005805081528152,2.79,0.29,0.27,0.03,-0.41,-1.06,0.29
1972-05-31,,41.6,0.24096385542169418,,,5.7,,41.2405,0.013823275485758124,3.33,1.29,-3.12,-2.72,2.4,-1.97,0.3
1972-06-30,,41.7,0.24038461538462563,,,5.7,,41.3497,0.26478825426461405,1.9,-2.46,-0.43,-2.46,1.78,-0.35,0.29
1972-07-31,,41.8,0.23980815347719453,,,5.6,,41.3035,-0.1117299520915438,2.68,-0.8,-2.79,0.6,1.2,-0.71,0.31
1972-08-31,,41.9,0.23923444976077235,,,5.6,,41.879,1.3933443897006237,-5.36,3.27,-3.46,4.56,-2.04,2.9,0.29
1972-09-30,,42.1,0.4773269689737569,,,5.5,,42.2132,0.7980133241003884,1.82,-1.14,-2.24,0.49,1.65,-1.97,0.34
1972-10-31,,42.2,0.23752969121140222,,,5.6,,42.7494,1.2702187941212806,0.7,0.52,-2.55,1.22,-0.11,0.03,0.4
1972-11-30,,42.4,0.4739336492890933,,,5.3,,43.2548,1.1822388150477092,-5.08,4.59,-0.59,4.88,-1.98,3.34,0.37
1972-12-31,,42.5,0.2358490566037874,,,5.2,,43.7367,1.1140960078418916,4.95,0.62,-1.89,-2.18,2.58,-2.14,0.37
1973-01-31,,42.7,0.47058823529413374,,,4.9,,44.0529,0.722962637784752,3.82,-3.28,-2.82,2.7,0.4,0.9,0.44
1973-02-28,,43.0,0.7025761124121788,,,5.0,,44.6827,1.4296448133948036,2.18,-4.85,-3.94,1.64,-0.29,0.05,0.42
1973-03-31,,43.4,0.9302325581395321,,,4.9,,44.7045,0.048788457277670894,3.55,-1.3,-2.29,2.57,-0.96,0.5,0.46
1973-04-30,,43.7,0.691244239631339,,,5.0,,44.6387,-0.14718876175776607,6.35,-5.68,-2.92,5.39,-1.55,2.52,0.52
1973-05-31,,43.9,0.4576659038901587,,,4.9,,44.9429,0.6814714586222292,7.18,-2.97,-6.12,0.38,1.97,-1.7,0.51
1973-06-30,,44.2,0.6833712984054774,,,4.9,,45.0035,0.13483776080316368,4.31,-1.57,-2.48,1.14,-0.2,0.09,0.51
1973-07-31,,44.2,0.0,,,4.8,,45.1636,0.3557501083249148,-11.66,5.04,7.19,-5.26,-0.09,-3.23,0.64
1973-08-31,,45.0,1.8099547511312153,,,4.8,,45.1019,-0.1366144417185522,3.59,-3.82,-1.78,1.03,-1.32,1.25,0.7
1973-09-30,,45.2,0.4444444444444473,,,4.8,,45.4624,0.7993011380895254,-6.98,4.74,3.58,2.22,-2.22,1.75,0.68
1973-10-31,,45.6,0.8849557522123908,,,4.6,,45.847,0.8459738157246433,6.78,-0.83,-0.27,1.66,-1.99,2.73,0.65
1973-11-30,,45.9,0.6578947368421018,,,4.8,,46.0553,0.4543372521648159,8.78,-12.79,-7.28,4.09,-2.77,1.64,0.56
1973-12-31,,46.3,0.8714596949890963,,,4.9,,45.923,-0.28726335514045465,10.16,0.59,-4.72,4.01,-2.89,2.42,0.64
1974-01-31,,46.8,1.0799136069114423,,,5.1,,45.6204,-0.6589290769331346,-8.91,-0.16,10.39,5.95,-2.92,4.49,0.63
1974-02-28,,47.3,1.0683760683760646,,,5.2,,45.4759,-0.3167442635312101,0.37,-0.46,0.12,2.47,-1.85,2.67,0.58
1974-03-31,,47.8,1.0570824524312794,,,5.1,,45.4777,0.003958140465609716,-1.0,-2.82,2.62,-0.14,2.9,0.45,0.56
1974-04-30,,48.1,0.6276150627615218,,,5.1,,45.3451,-0.2915714734913921,2.06,-5.28,-0.67,0.92,2.71,2.13,0.75
1974-05-31,,48.6,1.039501039501034,,,5.1,,45.7044,0.7923678633413367,-0.29,-4.7,-3.06,-2.08,5.01,-0.33,0.75
1974-06-30,,49.0,0.8230452674897082,,,5.4,,45.6238,-0.17635063582499555,2.32,-2.84,-0.05,0.83,0.5,2.98,0.6
1974-07-31,,49.3,0.6122448979591688,,,5.5,,45.7221,0.21545772162774313,3.0,-8.06,1.84,5.16,-3.2,4.5,0.7
1974-08-31,,49.9,1.2170385395537497,,,5.5,,45.2366,-1.0618497400600502,3.03,-9.39,0.28,2.61,-0.29,2.59,0.6
1974-09-30,,50.6,1.4028056112224574,,,5.9,,45.2365,-0.00022105993819909742,4.24,-11.78,1.47,5.43,-4.33,5.82,0.81
1974-10-31,,51.0,0.7905138339920903,,,6.0,,45.1133,-0.2723464459009839,-0.52,16.1,-6.78,-9.91,-0.29,-2.91,0.51
1974-11-30,,51.5,0.9803921568627416,,,6.6,,43.6278,-3.292820520777695,2.2,-4.53,-1.41,-0.25,-3.42,2.9,0.54
1974-12-31,,51.9,0.7766990291262044,,,7.2,,42.0533,-3.608937420635472,2.98,-3.45,-4.27,0.12,-0.76,3.38,0.7
1975-01-31,,52.3,0.7707129094412402,,,8.1,,41.4676,-1.3927563354124484,-13.79,13.67,12.88,8.26,-0.54,-1.05,0.58
1975-02-28,,52.6,0.5736137667304186,,,8.1,,40.5165,-2.2935978932949963,-0.58,5.56,-0.69,-4.47,1.17,-2.11,0.43
1975-03-31,,52.8,0.3802281368821214,,,8.6,,40.0638,-1.117322572285362,-2.07,2.66,3.97,2.42,1.25,-1.34,0.41
1975-04-30,,53.0,0.37878787878788955,,,8.8,,40.1573,0.233377762468856,1.52,4.22,-0.69,-1.13,1.39,-1.37,0.44
1975-05-31,,53.1,0.18867924528302993,,,9.0,,40.0253,-0.32870735831342923,-0.58,5.2,2.98,-4.05,-1.13,-0.56,0.44
1975-06-30,,53.5,0.7532956685499137,,,8.8,,40.2772,0.6293519349011678,-0.05,4.87,1.33,1.35,-2.7,1.07,0.41
1975-07-31,,54.0,0.9345794392523255,,,8.6,,40.6994,1.0482357264159248,0.35,-6.6,3.4,1.76,0.46,1.24,0.48
1975-08-31,,54.2,0.37037037037037646,,,8.4,,41.0998,0.9837982869526529,-0.16,-2.84,-2.77,-0.91,1.1,-0.99,0.48
1975-09-30,,54.6,0.7380073800737907,,,8.4,,41.6304,1.2910038491671383,0.4,-4.26,-0.02,0.33,0.57,0.57,0.53
1975-10-31,,54.9,0.5494505494505475,,,8.4,,41.8135,0.43982282178407495,-0.22,5.32,-4.25,0.35,-0.5,2.28,0.56
1975-11-30,,55.3,0.7285974499089187,,,8.3,,41.8697,0.13440635201551476,-0.5,2.65,-1.1,2.03,-0.66,1.74,0.41
1975-12-31,,55.6,0.5424954792043524,,,8.2,,42.4414,1.365426549509552,-0.1,-1.6,-0.16,1.7,-0.11,0.77,0.48
1976-01-31,,55.8,0.3597122302158251,,,7.9,,43.0012,1.3189951321115556,4.39,12.16,6.39,8.63,-1.75,2.33,0.47
1976-02-29,,55.9,0.17921146953405742,,,7.7,,43.4229,0.9806703068751643,0.38,0.32,7.91,5.71,-2.53,3.7,0.34
1976-03-31,,56.0,0.17889087656530744,,,7.6,,43.5168,0.21624534519806282,0.23,2.32,-1.38,-0.11,-0.38,0.99,0.4
1976-04-30,,56.1,0.17857142857142794,,,7.7,,43.7327,0.4961302301639714,0.53,-1.48,0.1,-0.16,0.45,-1.05,0.42
1976-05-31,,56.4,0.5347593582887722,,,7.4,,43.9186,0.4250823754307298,-1.06,-1.35,-1.09,-1.29,2.43,-1.39,0.37
1976-06-30,,56.7,0.5319148936170359,,0.8013636363636363,7.6,7.06,43.9637,0.10268997645646039,-0.44,4.05,-1.07,0.73,-0.66,1.02,0.43
1976-07-31,,57.0,0.5291005291005346,,0.981904761904762,7.8,6.85,44.2141,0.5695607967482141,-0.15,-1.06,0.61,1.74,-1.03,0.3,0.47
1976-08-31,,57.3,0.5263157894736858,,1.1372727272727272,7.8,6.631363636363636,44.5182,0.6877896417658569,-0.78,-0.57,-2.02,0.79,-0.4,-0.57,0.42
1976-09-30,,57.6,0.523560209424101,,1.178095238095238,7.6,6.416190476190477,44.6721,0.345701308678259,0.2,2.04,0.2,-0.31,0.98,-1.14,0.44
1976-10-31,,57.9,0.5208333333333259,,1.427,7.7,5.984,44.6585,-0.030444057924305934,-0.42,-2.42,0.05,-0.17,-0.19,-0.37,0.41
1976-11-30,,58.1,0.3454231433505983,,1.4810526315789474,7.8,5.81,45.3392,1.524233908438477,2.81,0.37,2.7,1.53,-1.31,0.07,0.4
1976-12-31,,58.4,0.5163511187607606,,1.4922727272727272,7.8,5.376818181818181,45.8294,1.0811836115326212,0.75,5.65,3.6,2.23,-0.72,2.41,0.4
1977-01-31,,58.7,0.5136986301369939,,1.3138095238095238,7.5,5.899523809523809,45.5087,-0.6997691438247133,4.05,-4.04,5.91,4.32,-0.54,1.93,0.36
1977-02-28,,59.3,1.0221465076660996,,1.3026315789473684,7.6,6.0884210526315785,46.2277,1.5799176860688213,0.35,-1.94,1.05,0.45,-0.21,-0.19,0.35
1977-03-31,,59.6,0.5059021922428464,,1.3734782608695653,7.4,6.086521739130435,46.8185,1.2780216190725557,0.68,-1.35,1.29,1.09,-0.32,-0.11,0.38
1977-04-30,,60.0,0.6711409395973034,,1.407,7.2,5.9635,47.2684,0.9609449256170022,4.19,0.15,0.6,3.38,-1.98,1.04,0.38
1977-05-31,,60.2,0.33333333333334103,,1.2019047619047618,7.0,6.254761904761905,47.6411,0.7884760220358666,2.01,-1.47,1.37,0.81,0.43,0.22,0.37
1977-06-30,,60.5,0.4983388704318914,,1.1481818181818182,7.2,6.127272727272728,48.0116,0.7776898518296216,1.6,4.72,2.1,-0.62,0.91,-1.27,0.4
1977-07-31,,60.8,0.49586776859502635,,1.055263157894737,6.9,6.274736842105263,48.073,0.12788576094109327,0.4,-1.69,1.81,-0.6,0.76,0.12,0.42
1977-08-31,,61.1,0.49342105263159297,,0.7852173913043478,7.0,6.611304347826087,48.1205,0.09880806273792064,-1.63,-1.76,0.93,-2.77,1.03,-0.67,0.44
1977-09-30,,61.3,0.3273322422258529,,0.6295238095238096,6.8,6.714285714285714,48.3189,0.4122982928273844,2.09,-0.27,1.62,-0.26,0.91,-0.65,0.43
1977-10-31,,61.6,0.4893964110930016,,0.4175,6.8,7.106,48.3871,0.1411455972714526,-0.11,-4.39,1.41,1.62,-0.08,-0.46,0.49
1977-11-30,,62.0,0.6493506493506551,,0.43473684210526314,6.8,7.142631578947369,48.4761,0.18393332107111693,2.14,4.02,3.6,0.23,-0.08,0.68,0.5
1977-12-31,,62.3,0.4838709677419395,,0.5085714285714286,6.4,7.176666666666667,48.5629,0.17905730865312997,1.6,0.27,1.61,-0.29,0.93,-0.66,0.49
1978-01-31,,62.7,0.6420545746388617,,0.47047619047619044,6.4,7.485714285714285,47.8481,-1.471905508114213,-0.57,-5.99,2.76,3.38,-1.79,1.56,0.49
1978-02-28,,63.0,0.4784688995215225,,0.4683333333333333,6.3,7.5649999999999995,48.1044,0.5356534533241586,1.96,-1.39,3.7,0.81,0.3,1.05,0.46
1978-03-31,,63.4,0.6349206349206327,,0.46090909090909093,6.3,7.575,49.0265,1.9168724690464822,1.45,2.85,3.65,1.15,-0.55,2.0,0.53
1978-04-30,,63.9,0.7886435331230235,,0.4105,6.1,7.7435,50.0206,2.0276789083454982,0.49,7.87,-0.32,-3.54,2.88,-1.27,0.54
1978-05-31,,64.5,0.9389671361502261,,0.3395238095238095,6.0,8.006190476190476,50.254,0.4666077576038541,2.76,1.76,4.54,-0.55,0.2,0.29,0.51
1978-06-30,,65.0,0.7751937984496138,,0.22272727272727275,5.9,8.239545454545453,50.5801,0.6489035698650891,2.79,-1.69,1.64,0.6,-1.41,-0.12,0.54
1978-07-31,,65.5,0.7692307692307665,,0.15050000000000002,6.2,8.4895,50.5384,-0.08244349062180856,4.19,5.12,0.17,-1.0,1.47,-0.73,0.56
1978-08-31,,65.9,0.6106870229007688,,0.044347826086956525,5.9,8.366521739130436,50.7458,0.41038101720671794,3.0,3.79,4.93,-0.66,1.57,0.5,0.56
1978-09-30,,66.5,0.9104704097116834,,-0.149,6.0,8.5655,50.8744,0.2534199874669296,-3.19,-1.45,-0.38,1.88,-0.69,1.57,0.62
1978-10-31,,67.1,0.9022556390977376,,-0.21142857142857144,5.8,8.853809523809524,51.2559,0.7498859937414393,-8.47,-11.91,-10.04,1.26,0.17,1.14,0.68
1978-11-30,,67.5,0.5961251862891315,,-0.6195,5.9,9.4245,51.6514,0.7716184868473697,5.45,2.72,2.9,-2.08,1.09,-1.19,0.7
1978-12-31,,67.9,0.5925925925926112,,-0.709,6.0,9.7155,51.909,0.498728011244598,3.02,0.88,1.01,-2.14,2.01,-1.47,0.78
1979-01-31,,68.5,0.8836524300441795,,-0.7604545454545455,5.9,9.86,51.6278,-0.5417172359321043,-1.42,4.22,3.74,2.19,-2.4,1.58,0.77
1979-02-28,,69.2,1.0218978102189746,,-0.6183333333333333,5.9,9.716666666666667,51.8752,0.47919919113346143,-0.99,-3.56,0.53,1.17,-1.11,0.96,0.73
1979-03-31,,69.9,1.0115606936416333,,-0.6722727272727272,5.8,9.789545454545454,52.0446,0.32655295786812033,2.91,5.67,3.17,-0.68,0.54,0.29,0.81
1979-04-30,,70.6,1.0014306151645114,,-0.5965,5.8,9.7785,51.4193,-1.201469508844344,0.88,-0.07,2.4,1.12,1.14,0.24,0.8
1979-05-31,,71.4,1.1331444759207,,-0.5314285714285715,5.6,9.783809523809524,51.8856,0.9068579307769609,-0.58,-2.21,0.18,1.32,-1.56,-0.31,0.82
1979-06-30,,72.2,1.1204481792717047,,-0.3066666666666667,5.7,9.220476190476191,51.8965,0.02100775552369427,0.76,3.84,0.94,1.42,-1.58,-0.56,0.81
1979-07-31,,73.0,1.1080332409972193,,-0.18761904761904763,5.7,9.137619047619047,51.8097,-0.1672559806538132,-1.07,0.83,1.29,1.78,-0.31,0.52,0.77
1979-08-31,,73.7,0.9589041095890538,,-0.42913043478260865,6.0,9.458695652173914,51.4684,-0.6587569509184488,-0.29,5.54,1.87,-1.58,1.65,-1.44,0.77
1979-09-30,,74.4,0.9497964721845387,,-0.7215789473684211,5.9,10.056315789473684,51.4597,-0.01690357578632007,5.28,-0.83,-0.26,-0.94,0.97,0.52,0.83
1979-10-31,,75.2,1.0752688172043001,,-1.1904545454545454,6.0,11.489545454545455,51.8334,0.726199336568234,2.06,-8.1,-3.48,-1.83,1.05,0.13,0.87
1979-11-30,,76.0,1.0638297872340496,,-1.1552631578947368,5.9,11.808421052631578,51.7531,-0.15491941489462757,8.06,5.23,2.5,-3.21,-0.07,-1.81,0.99
1979-12-31,,76.9,1.1842105263157876,,-1.0045,6.0,11.3905,51.7878,0.06704912362736071,4.73,1.78,4.27,-2.13,-0.74,-1.04,0.95
1980-01-31,,78.0,1.4304291287386084,,-0.6959090909090909,6.3,11.498181818181818,52.0679,0.5408609749786741,7.46,5.5,1.89,1.85,-1.7,1.93,0.8
1980-02-29,,79.0,1.2820512820512775,,-1.0036842105263157,6.3,13.418421052631578,52.082,0.027080024352810206,7.91,-1.23,-1.5,0.59,0.07,2.94,0.89
1980-03-31,,80.1,1.3924050632911245,,-2.1357142857142857,6.3,14.884761904761904,51.87,-0.4070504204907732,-9.59,-12.89,-6.99,-0.96,1.57,-1.07,1.21
1980-04-30,,80.9,0.998751560549338,,-1.0285714285714287,6.9,12.501904761904763,50.8397,-1.9863119336803514,-0.5,3.96,1.05,1.03,-2.12,0.33,1.26
1980-05-31,,81.7,0.9888751545117369,,0.7314285714285714,7.5,9.45,49.589,-2.460085327018058,-1.18,5.26,1.99,0.38,0.38,-0.62,0.81
1980-06-30,,82.5,0.9791921664626724,,1.05,7.6,8.728095238095237,48.9482,-1.292222065377402,1.58,2.97,1.46,-0.8,-0.15,-0.82,0.61
1980-07-31,,82.6,0.12121212121212199,,1.2181818181818183,7.8,9.029545454545454,48.6039,-0.7033966519708557,0.32,6.51,3.74,-6.29,4.06,-2.44,0.53
1980-08-31,,83.2,0.7263922518159882,,0.5742857142857143,7.7,10.527619047619046,48.7563,0.31355508508577046,3.08,1.75,4.23,-2.46,2.05,-0.73,0.64
1980-09-30,,83.9,0.8413461538461675,,-0.0661904761904762,7.5,11.574761904761905,49.5608,1.650043173907778,5.44,2.19,0.63,-4.61,1.9,-2.86,0.75
1980-10-31,,84.7,0.9535160905840279,,-0.33681818181818185,7.5,12.088181818181818,50.1908,1.271165921454065,7.14,1.04,2.21,-2.93,1.77,-1.43,0.95
1980-11-30,,85.6,1.0625737898465104,,-0.8294117647058823,7.5,13.514117647058825,51.0311,1.6742112100225581,15.19,9.6,-3.27,-8.11,4.26,-5.52,0.96
1980-12-31,,86.4,0.9345794392523477,,-1.2327272727272727,7.2,14.076818181818181,51.3708,0.6656725016705556,-6.69,-4.46,-0.28,2.8,-1.27,1.27,1.31
1981-01-31,,87.2,0.92592592592593,,-0.6938095238095239,7.5,13.262380952380951,51.0415,-0.6410256410256499,-7.9,-5.06,3.3,6.74,-3.38,4.27,1.04
1981-02-28,,88.0,0.917431192660545,,-0.7244444444444444,7.4,13.918888888888889,50.824,-0.4261238404043799,-1.38,0.61,-0.65,0.97,0.26,2.06,1.07
1981-03-31,,88.6,0.6818181818181834,,-0.45272727272727276,7.4,13.568636363636363,51.0826,0.5088147331969273,0.83,3.66,2.85,0.61,-2.27,-0.56,1.21
1981-04-30,,89.1,0.5643340857787837,,-0.47190476190476194,7.2,14.151428571428571,50.858,-0.43968004760917,-1.08,-2.16,4.72,2.28,0.81,1.54,1.08
1981-05-31,,89.7,0.6734006734006925,,-1.3575,7.5,15.456999999999999,51.1495,0.5731644972275962,3.55,0.13,2.36,-0.43,0.47,-1.78,1.15
1981-06-30,,90.5,0.8918617614269708,,-1.0336363636363637,7.5,14.50590909090909,51.4101,0.5094868962550958,-5.69,-2.34,-0.93,5.14,-1.29,2.69,1.35
1981-07-31,,91.5,1.104972375690605,,-1.0731818181818182,7.2,15.35409090909091,51.7471,0.6555132162746391,-2.45,-1.55,-1.95,-0.61,1.08,-2.66,1.24
1981-08-31,,92.2,0.7650273224043769,,-1.3476190476190477,7.4,16.284761904761904,51.6826,-0.12464466607791103,-1.09,-7.02,-1.82,4.71,-0.31,1.38,1.28
1981-09-30,,93.1,0.9761388286333883,,-1.1338095238095238,7.6,16.457619047619048,51.4337,-0.48159341828777347,2.13,-7.2,-2.46,5.11,0.08,2.53,1.24
1981-10-31,,93.4,0.3222341568206444,,-0.3947619047619047,7.9,15.542857142857141,51.0281,-0.7885880269162038,3.93,4.92,2.28,-4.09,3.12,-2.79,1.21
1981-11-30,,93.8,0.4282655246252487,,0.5111111111111111,8.3,12.881666666666668,50.435,-1.1623007715356848,-0.2,3.4,-1.58,1.91,0.14,1.0,1.07
1981-12-31,,94.1,0.31982942430703876,,0.43409090909090914,8.5,13.290454545454544,49.8987,-1.0633488648755907,1.27,-3.63,1.18,0.79,0.21,2.45,0.87
1982-01-31,,94.4,0.31880977683316214,,0.026000000000000002,8.6,14.568000000000001,48.8685,-2.0645828448436543,1.76,-3.23,-1.1,3.19,-1.43,1.95,0.8
1982-02-28,,94.7,0.3177966101694851,,-0.3977777777777778,8.9,14.823333333333332,49.8636,2.036281039933696,4.87,-5.86,0.4,6.09,-3.55,4.57,0.92
1982-03-31,,94.7,0.0,,-0.33304347826086955,9.0,14.194347826086958,49.5323,-0.6644125173473237,2.91,-1.82,0.02,3.76,-1.28,2.37,0.98
1982-04-30,,95.0,0.31678986272438703,,-0.3304761904761905,9.3,14.202380952380953,49.075,-0.923235949067569,-0.46,3.24,1.21,-3.08,1.5,-0.05,1.13
1982-05-31,,95.9,0.9473684210526301,,-0.15450000000000003,9.4,13.777000000000001,48.7483,-0.6657157412124359,2.51,-3.93,0.41,1.78,0.96,-0.12,1.06
1982-06-30,,97.0,1.147028154327412,,-0.1659090909090909,9.6,14.465454545454547,48.6214,-0.26031677002069653,4.88,-3.08,-0.51,1.56,0.09,2.53,0.96
1982-07-31,,97.5,0.5154639175257714,,0.14904761904761904,9.8,13.797142857142857,48.4616,-0.3286618649401385,4.4,-3.2,1.01,0.07,1.0,1.44,1.05
1982-08-31,,97.7,0.20512820512821328,,0.7313636363636363,9.8,12.323636363636364,48.0192,-0.9128877296663784,-3.56,11.15,-4.46,1.09,-1.85,0.17,0.76
1982-09-30,,97.7,0.0,,0.5557142857142857,10.1,11.783333333333333,47.9008,-0.24656803945088956,4.14,1.32,2.55,0.23,2.16,-0.02,0.51
1982-10-31,,98.1,0.4094165813715467,,0.719,10.4,10.1875,47.4371,-0.9680422873939443,0.0,11.24,1.96,-3.62,0.2,-0.3,0.59
1982-11-30,,98.0,-0.10193679918449883,,0.7547368421052632,10.8,9.795789473684211,47.283,-0.32485122404194433,5.91,4.68,4.39,-1.8,-1.02,0.29,0.63
1982-12-31,,97.7,-0.3061224489795844,,0.8777272727272727,10.8,9.662272727272727,46.9485,-0.7074424211661712,0.0,0.56,-0.14,-0.06,0.0,1.0,0.67
1983-01-31,,97.9,0.20470829068577334,,1.1295238095238094,10.4,9.327619047619047,47.8234,1.863531316229472,-1.64,3.59,3.41,-0.72,-1.52,-0.56,0.69
1983-02-28,,98.0,0.10214504596526286,,1.088421052631579,10.4,9.636315789473684,47.5233,-0.6275170732319313,3.71,2.59,2.88,0.66,-0.36,1.01,0.62
1983-03-31,,98.1,0.10204081632652073,,0.8504347826086956,10.3,9.656086956521738,47.9244,0.8440070449653003,0.88,2.81,1.37,2.06,-0.19,2.8,0.63
1983-04-30,,98.8,0.7135575942915473,,0.8320000000000001,10.2,9.568,48.5311,1.2659522080610275,1.64,6.65,0.43,0.43,-0.07,1.51,0.71
1983-05-31,,99.2,0.4048582995951566,,0.8909523809523809,10.1,9.48904761904762,48.8239,0.6033244661670656,-1.56,0.51,6.26,-1.4,-1.81,-1.43,0.69
1983-06-30,,99.4,0.20161290322580072,,0.6668181818181819,10.1,10.181818181818182,49.123,0.6126098079014541,1.86,3.07,1.16,-3.89,2.55,-0.78,0.67
1983-07-31,,99.8,0.4024144869215096,,0.692,9.4,10.684999999999999,49.8546,1.4893227205178938,-3.08,-4.06,1.05,5.55,-0.07,2.88,0.74
1983-08-31,,100.1,0.30060120240480437,,0.7756521739130434,9.5,11.070434782608697,50.4443,1.1828396978413203,-5.36,-0.5,-4.32,5.59,0.52,1.85,0.76
1983-09-30,,100.4,0.29970029970030065,,0.8638095238095238,9.2,10.790000000000001,51.178,1.4544755304365387,-0.01,0.91,0.3,0.99,1.21,0.5,0.76
1983-10-31,,100.8,0.3984063745019917,,0.97,8.8,10.571000000000002,51.5693,0.7645863456954283,-4.48,-3.43,-3.75,4.96,-0.82,3.0,0.76
1983-11-30,,101.1,0.29761904761904656,,1.0257894736842106,8.5,10.66421052631579,51.7993,0.44600178788543055,-0.13,2.16,1.87,-0.73,-0.68,0.64,0.7
1983-12-31,,101.4,0.29673590504453173,,0.9928571428571429,8.3,10.836666666666666,52.0594,0.5021303376686381,0.82,-1.77,-0.42,1.75,1.55,1.33,0.73
1984-01-31,,102.1,0.6903353057199135,,1.0319047619047619,8.0,10.642380952380952,53.0985,1.9959891969558052,-2.57,-1.92,0.0,7.48,-0.88,2.88,0.76
1984-02-29,,102.6,0.48971596474045587,,1.056842105263158,7.8,10.785263157894736,53.3318,0.4393721103232773,0.45,-4.76,-1.58,3.41,1.04,1.51,0.71
1984-03-31,,102.9,0.29239766081872176,,1.0045454545454546,7.8,11.314545454545454,53.5929,0.48957657532653354,1.12,0.65,-0.25,0.53,-0.97,1.15,0.73
1984-04-30,,103.3,0.38872691933915515,,0.9475,7.7,11.686,53.91,0.5916828535122987,2.14,-0.51,-0.94,1.19,3.3,0.77,0.81
1984-05-31,,103.5,0.1936108422071703,,0.9386363636363636,7.4,12.47,54.2026,0.5427564459284051,1.52,-5.98,0.14,0.26,2.41,-0.51,0.78
1984-06-30,,103.7,0.19323671497584183,,0.6561904761904762,7.2,12.906666666666668,54.4014,0.3667720736643787,-0.55,1.81,0.16,-2.75,3.08,-1.57,0.75
1984-07-31,,104.1,0.38572806171648377,,0.4847619047619047,7.5,12.877619047619048,54.5521,0.27701492976284214,2.78,-2.72,-2.21,0.31,3.51,-2.19,0.82
1984-08-31,,104.4,0.2881844380403509,,0.2817391304347826,7.5,12.434347826086958,54.6083,0.10302078196806619,-5.6,10.27,-0.28,-1.8,-0.7,-0.93,0.83
1984-09-30,,104.7,0.2873563218390718,,0.3178947368421053,7.3,12.204736842105262,54.4466,-0.2961088332726014,3.64,-0.8,-0.05,5.2,1.38,2.38,0.86
1984-10-31,,105.1,0.3820439350525229,,0.5604545454545454,7.4,11.6,54.4406,-0.011019971862324951,3.29,-0.84,-1.36,0.62,1.14,-1.03,1.0
1984-11-30,,105.3,0.19029495718363432,,0.9236842105263158,7.2,10.648947368421053,54.624,0.33688093077592907,1.57,-1.77,-1.07,3.86,0.79,1.95,0.73
1984-12-31,,105.5,0.18993352326686086,,1.318,7.3,10.1815,54.6416,0.03222026947860002,1.4,1.84,-0.75,-0.33,1.27,-1.27,0.64
1985-01-31,,105.7,0.18957345971564177,,1.4533333333333334,7.3,9.930952380952382,54.6322,-0.01720301016076009,-6.77,7.97,3.48,-5.14,-0.98,-3.47,0.65
1985-02-28,,106.3,0.5676442762535316,,1.3433333333333333,7.2,10.165555555555555,54.7825,0.2751124794535098,1.86,1.22,0.96,-0.28,1.42,1.1,0.58
1985-03-31,,106.8,0.470366886171214,,1.1423809523809523,7.2,10.712857142857143,54.8653,0.15114315703006476,1.79,-0.84,-1.42,3.95,1.23,2.87,0.62
1985-04-30,,107.0,0.18726591760300781,,1.3457142857142859,7.3,10.08904761904762,54.7459,-0.21762388978097125,2.95,-0.96,-0.12,3.61,1.63,0.7,0.72
1985-05-31,,107.2,0.18691588785046953,,1.4527272727272729,7.2,9.39409090909091,54.8255,0.145399016182024,4.06,5.07,-2.36,-0.97,1.28,-1.41,0.66
1985-06-30,,107.5,0.2798507462686617,,1.468,7.4,8.687999999999999,54.7989,-0.04851756937920282,3.39,1.27,0.19,0.33,1.69,-1.03,0.55
1985-07-31,,107.7,0.18604651162790198,,1.5336363636363637,7.4,8.773181818181818,54.5396,-0.47318468071440023,-3.85,-0.72,2.85,-1.62,-0.37,-0.37,0.62
1985-08-31,,107.9,0.18570102135562205,,1.3881818181818182,7.1,8.943636363636363,54.7055,0.30418264893765645,1.78,-1.01,-0.3,2.34,-0.18,1.93,0.55
1985-09-30,,108.1,0.1853568118628246,,1.39,7.1,8.983157894736843,54.8906,0.3383572035718485,1.59,-4.5,-1.84,1.21,1.11,1.58,0.6
1985-10-31,,108.5,0.37002775208141436,,1.3722727272727273,7.1,8.864545454545455,54.7199,-0.310982208246946,4.86,4.0,-1.48,0.77,0.86,-1.06,0.65
1985-11-30,,109.0,0.4608294930875667,,1.2005263157894737,7.0,8.581052631578947,54.9124,0.3517915785664627,-0.58,6.46,-0.05,-2.91,0.35,-2.35,0.61
1985-12-31,,109.5,0.4587155963302836,,1.1123809523809522,7.0,8.146666666666667,55.4412,0.9629883232202596,-0.23,3.88,-0.42,-1.46,0.96,-1.77,0.65
1986-01-31,,109.9,0.36529680365298134,2.2414285714285715,1.0514285714285716,6.7,8.142380952380952,55.7481,0.5535594467652283,2.96,0.65,0.95,0.46,-2.01,-1.99,0.56
1986-02-28,,109.7,-0.18198362147406888,2.408421052631579,0.7368421052631579,7.2,7.967368421052631,55.3568,-0.7019073295771561,2.59,7.14,-0.72,-0.63,1.15,-1.23,0.53
1986-03-31,,109.1,-0.5469462169553352,2.7165,0.564,7.2,7.214499999999999,54.9625,-0.7122882825596921,2.4,4.91,-0.63,-0.39,1.03,0.81,0.6
1986-04-30,,108.7,-0.36663611365719273,2.891363636363636,0.604090909090909,7.1,6.694999999999999,55.0413,0.14337047987265095,-0.34,-1.28,2.81,-2.81,2.89,-0.1,0.52
1986-05-31,,109.0,0.2759889604415866,2.5761904761904764,0.6423809523809524,7.2,7.067142857142857,55.1226,0.147707267088526,2.09,4.63,-1.29,-0.14,2.07,1.1,0.49
1986-06-30,,109.4,0.3669724770642313,2.54,0.6147619047619047,7.2,7.1847619047619045,54.9005,-0.40292003642788954,4.95,1.06,-0.87,1.2,1.85,0.83,0.52
1986-07-31,,109.5,0.0914076782449591,2.8613636363636363,0.6368181818181818,7.0,6.666363636363636,55.2592,0.6533638127157237,1.9,-6.43,-3.53,4.66,-0.56,0.81,0.52
1986-08-31,,109.6,0.09132420091324533,3.0161904761904763,0.8395238095238095,6.9,6.326190476190476,55.1567,-0.18548947505573343,-5.16,6.07,-4.34,3.54,-1.71,3.32,0.46
1986-09-30,,110.0,0.36496350364965124,2.7542857142857144,1.1014285714285714,7.0,6.346190476190476,55.2975,0.2552727048572567,-5.69,-8.59,2.1,3.23,-0.17,3.71,0.45
1986-10-31,,110.2,0.1818181818181941,2.8095454545454546,1.1472727272727272,7.0,6.279090909090908,55.5332,0.42623988426240267,4.46,4.64,-2.37,-1.42,-0.01,1.01,0.46
1986-11-30,,110.4,0.1814882032667997,2.812222222222222,0.9738888888888889,6.9,6.276666666666667,55.7557,0.400661226077359,-0.25,1.16,-1.86,-0.02,0.98,0.7,0.39
1986-12-31,,110.8,0.36231884057971175,2.8595454545454544,0.8409090909090909,6.6,6.2718181818181815,56.2845,0.9484232105417156,0.46,-3.26,0.19,0.36,0.87,0.09,0.49
1987-01-31,,111.4,0.5415162454873723,2.6425,0.8584999999999999,6.6,6.226,56.0882,-0.34876386927129577,2.06,12.44,-1.61,-3.18,0.17,-1.03,0.42
1987-02-28,,111.8,0.35906642728904536,2.4026315789473682,0.8526315789473684,6.6,6.3978947368421055,56.8275,1.3181025598967278,-2.23,4.37,3.36,-5.86,-0.79,-2.55,0.43
1987-03-31,,112.2,0.3577817531305927,2.3613636363636363,0.8240909090909091,6.6,6.424545454545455,56.9098,0.14482424882318323,1.66,1.63,0.32,1.66,1.3,4.17,0.47
1987-04-30,,112.7,0.4456327985739694,2.0204761904761903,0.9985714285714286,6.3,7.024285714285714,57.2701,0.6331071274191746,0.21,-2.09,-1.58,-0.36,-0.52,1.16,0.44
1987-05-31,,113.0,0.2661934338952898,1.9,0.8515,6.3,7.7615,57.6322,0.6322670992367607,-0.8,0.11,-0.58,0.22,0.49,1.13,0.38
1987-06-30,,113.5,0.4424778761061843,2.12,0.8290909090909092,6.2,7.573181818181819,57.9307,0.5179396240296397,-0.22,3.91,-2.11,1.13,1.56,1.07,0.48
1987-07-31,,113.8,0.2643171806167466,2.1595454545454547,1.0045454545454546,6.1,7.4422727272727265,58.3258,0.682021795006782,2.58,3.84,-1.07,0.94,-0.65,1.58,0.46
1987-08-31,,114.3,0.4393673110720586,2.0423809523809524,1.0076190476190476,6.0,7.752857142857143,58.7636,0.7506112217920746,-0.95,3.52,-1.01,-0.98,2.11,-1.55,0.47
1987-09-30,,114.7,0.34995625546807574,1.8847619047619046,1.0780952380952382,5.9,8.343809523809524,58.9951,0.3939513576431741,0.8,-2.58,0.45,0.26,-0.88,1.82,0.45
1987-10-31,,115.0,0.2615518744550904,2.092857142857143,1.1223809523809525,6.0,8.397619047619047,59.781,1.3321445340375604,-7.72,-23.19,-7.91,4.18,2.29,2.24,0.6
1987-11-30,,115.4,0.3478260869565375,2.3678947368421053,1.167894736842105,5.8,7.692631578947368,60.0726,0.4877803984543627,-1.23,-7.76,2.78,3.14,-1.93,0.6,0.35
1987-12-31,,115.6,0.17331022530329143,2.299090909090909,1.13,5.7,7.857727272727273,60.4095,0.5608214060986105,5.87,6.82,-0.01,-4.42,3.13,-2.46,0.39
1988-01-31,,116.0,0.34602076124568004,2.403684210526316,1.0357894736842106,5.7,7.63,60.3976,-0.01969888841987233,-7.36,4.21,-0.56,4.93,-1.19,2.1,0.29
1988-02-29,,116.2,0.17241379310344307,2.407,1.0314999999999999,5.7,7.1805,60.7003,0.5011788547889306,-1.47,4.77,3.3,-1.53,1.51,0.06,0.46
1988-03-31,,116.5,0.2581755593803692,2.1995652173913043,1.1030434782608696,5.7,7.270434782608696,60.8501,0.24678625970546708,0.56,-2.26,6.11,0.86,-0.23,1.78,0.44
1988-04-30,,117.2,0.6008583690987113,2.1774999999999998,1.129,5.4,7.589499999999999,61.2031,0.5801140836251717,2.21,0.56,1.09,1.51,-0.09,1.9,0.46
1988-05-31,,117.5,0.25597269624573205,1.9547619047619047,1.0933333333333333,5.6,7.9957142857142856,61.0797,-0.20162377395915865,0.66,-0.27,-2.52,2.44,-0.77,0.3,0.51
1988-06-30,,118.0,0.42553191489360653,2.0822727272727275,0.8954545454545454,5.4,8.02590909090909,61.2569,0.29011275431936046,-3.02,4.78,2.07,-1.35,1.52,-3.52,0.49
1988-07-31,,118.5,0.4237288135593209,2.058,0.777,5.4,8.279,61.2659,0.014692222427181711,0.65,-1.25,-0.18,2.18,-0.5,1.54,0.51
1988-08-31,,119.0,0.42194092827003704,1.9539130434782608,0.6317391304347827,5.6,8.628695652173914,61.5731,0.501420855647261,0.36,-3.31,0.0,2.16,-0.87,1.66,0.59
1988-09-30,,119.5,0.42016806722688926,1.9195238095238096,0.5138095238095238,5.4,8.463333333333333,61.3807,-0.3124741161318778,0.29,3.31,-1.41,-0.79,1.78,-0.58,0.62
1988-10-31,,119.9,0.33472803347280866,1.614,0.4415,5.4,8.354,61.6453,0.43108012779260463,1.31,1.16,-2.99,2.0,1.4,0.98,0.61
1988-11-30,,120.3,0.33361134278564464,1.5185,0.2965,5.3,8.666,61.7944,0.24186758763442562,0.2,-2.27,-1.59,1.44,-0.35,1.63,0.57
1988-12-31,,120.7,0.33250207813799726,1.5395238095238095,0.017142857142857144,5.3,9.088571428571427,62.0743,0.4529536657043254,0.32,1.48,1.96,-1.83,0.68,-0.37,0.63
1989-01-31,,121.2,0.41425020712511085,1.564,-0.08399999999999999,5.4,9.1755,62.2574,0.294969093489561,-0.2,6.06,-2.26,0.59,-0.97,0.11,0.55
1989-02-28,,121.6,0.3300330033003229,1.44,-0.2026315789473684,5.2,9.371578947368421,61.9819,-0.4425176766135297,1.01,-2.23,2.71,1.01,-0.85,1.89,0.61
1989-03-31,,122.2,0.49342105263159297,1.31,-0.32181818181818184,5.0,9.679545454545455,62.1369,0.25007300518375963,3.5,1.57,0.69,0.52,-0.02,0.67,0.67
1989-04-30,,123.1,0.7364975450081745,1.4385,-0.27599999999999997,5.2,9.4515,62.1276,-0.01496695200435827,1.8,4.35,-0.73,-1.44,0.72,-0.46,0.67
1989-05-31,,123.7,0.4874086108854758,1.6036363636363637,-0.15863636363636366,5.2,9.017727272727273,61.7744,-0.5685073944591501,1.46,3.28,-0.05,-0.9,0.45,-0.25,0.79
1989-06-30,,124.1,0.3233629749393563,1.755909090909091,-0.1290909090909091,5.3,8.406363636363636,61.7697,-0.007608329664066105,0.44,-1.33,-1.02,2.23,0.12,1.53,0.71
1989-07-31,,124.5,0.3223207091055613,1.8555,0.199,5.2,7.8195,61.1738,-0.9647124722962919,5.32,7.18,-4.11,-2.8,2.05,-0.55,0.7
1989-08-31,,124.5,0.0,1.7634782608695654,-0.03217391304347826,5.2,8.144782608695651,61.7732,0.9798312349404537,-0.47,1.43,0.48,0.62,0.36,-0.61,0.74
1989-09-30,,124.8,0.24096385542169418,1.721,-0.094,5.3,8.2845,61.5796,-0.31340451846432194,3.49,-0.76,0.47,-1.27,1.39,0.58,0.65
1989-10-31,,125.4,0.48076923076922906,1.7995238095238095,0.02857142857142857,5.3,7.979047619047619,61.4966,-0.13478489629682455,1.36,-3.65,-3.3,-1.16,0.08,-0.11,0.68
1989-11-30,,125.9,0.3987240829345984,1.9380952380952383,0.07857142857142857,5.4,7.795714285714286,61.7044,0.3379048597808687,2.68,1.04,-1.26,-1.13,-0.74,1.38,0.69
1989-12-31,,126.3,0.3177124702144596,1.9825,0.059,5.4,7.776999999999999,62.0428,0.5484211822819773,2.77,1.18,-2.28,0.15,-0.07,1.31,0.61
1990-01-31,23.347272727272728,127.5,0.9501187648456089,1.7385714285714284,0.12142857142857141,5.4,8.085238095238095,61.729,-0.5057798809853797,-3.0,-7.8,-1.21,0.83,-1.12,1.4,0.57
1990-02-28,23.262631578947367,128.0,0.39215686274509665,1.6710526315789473,0.10263157894736842,5.3,8.370526315789473,62.2896,0.9081631000016133,-0.51,1.11,1.15,0.65,-0.04,-0.61,0.57
1990-03-31,20.062272727272727,128.6,0.46874999999999556,1.6181818181818182,-0.038181818181818185,5.2,8.626818181818182,62.5999,0.49815699571036376,1.73,1.83,1.59,-2.9,1.99,-0.94,0.64
1990-04-30,21.4035,128.9,0.2332814930015692,1.516,0.0615,5.4,8.724,62.4359,-0.26198124917132803,2.31,-3.36,-0.35,-2.57,1.78,-1.0,0.69
1990-05-31,18.097727272727273,129.1,0.15515903801395226,1.653181818181818,0.11590909090909092,5.4,8.642272727272728,62.6258,0.304151938227859,3.12,8.44,-2.41,-3.89,1.68,-1.63,0.68
1990-06-30,16.82238095238095,129.9,0.6196746707978429,1.7404761904761903,0.12904761904761905,5.2,8.350952380952382,62.8382,0.33915734409779574,2.51,-1.09,1.31,-2.0,-0.99,-0.39,0.63
1990-07-31,18.392857142857142,130.5,0.4618937644341736,1.7242857142857144,0.3142857142857143,5.5,8.157142857142858,62.7284,-0.17473447679914322,6.04,-1.9,-3.16,-0.06,-0.1,3.22,0.68
1990-08-31,28.175217391304347,131.6,0.8429118773946254,1.6595652173913045,0.691304347826087,5.7,8.061304347826086,62.9475,0.34928357809220767,1.96,-10.13,-3.79,1.56,-0.48,2.99,0.66
1990-09-30,29.10736842105263,132.5,0.6838905775075954,1.7426315789473683,0.8136842105263158,5.9,8.079473684210527,62.9523,0.00762540212082552,5.76,-6.11,-3.72,0.59,0.03,3.62,0.6
1990-10-31,29.625652173913043,133.4,0.6792452830188811,2.023181818181818,0.8418181818181818,5.9,7.877727272727273,62.5845,-0.5842518859517476,6.71,-1.91,-5.06,0.08,3.17,-0.25,0.68
1990-11-30,24.885714285714286,133.7,0.2248875562218755,2.227,0.7935,6.2,7.599500000000001,61.7887,-1.2715608497311681,-5.46,6.35,0.02,-2.97,0.58,-4.71,0.57
1990-12-31,23.363,134.2,0.37397157816005944,2.3594999999999997,0.761,6.3,7.314,61.3352,-0.7339529719835425,0.24,2.48,0.6,-1.57,2.66,-1.98,0.6
1991-01-31,27.429090909090913,134.7,0.37257824143070994,2.3585714285714285,0.9676190476190476,6.4,7.125238095238095,61.1355,-0.3255879168894804,-6.45,4.69,3.87,-1.48,1.34,-4.07,0.52
1991-02-28,21.59842105263158,134.8,0.07423904974017681,2.2136842105263157,0.9878947368421053,6.6,6.866842105263157,60.6838,-0.7388505859934114,-4.9,7.21,4.02,-0.62,-0.06,-0.34,0.48
1991-03-31,17.74421052631579,134.8,0.0,1.98,1.0070000000000001,6.8,7.103,60.3346,-0.5754418806996231,2.74,2.67,3.81,-1.3,-0.52,-0.99,0.44
1991-04-30,17.37272727272727,135.1,0.2225519287833766,1.903181818181818,1.0909090909090908,6.7,6.948181818181819,60.4938,0.26386186367357567,-2.33,-0.29,0.35,1.49,0.67,0.81,0.53
1991-05-31,16.93227272727273,135.6,0.37009622501851247,1.795909090909091,1.2840909090909092,6.9,6.783636363636364,61.0633,0.9414187900247617,-0.1,3.66,0.14,-0.52,2.07,-2.36,0.47
1991-06-30,17.134999999999998,136.0,0.2949852507374784,1.6780000000000002,1.328,6.9,6.956,61.5581,0.8103066817548354,0.42,-4.94,0.3,1.08,1.75,0.68,0.42
1991-07-31,17.294090909090908,136.2,0.14705882352941124,1.6218181818181818,1.355,6.8,6.917727272727273,61.7305,0.28006062565282264,4.26,4.24,-1.0,-1.3,1.6,-1.44,0.49
1991-08-31,15.681363636363637,136.6,0.2936857562408246,1.7454545454545454,1.466818181818182,6.9,6.433181818181819,61.7298,-0.0011339613319227837,1.58,2.32,1.42,-0.79,0.85,-0.32,0.46
1991-09-30,16.9565,137.0,0.2928257686676483,1.8645,1.4685000000000001,6.9,6.1815,62.2195,0.7932959445843046,1.74,-1.59,1.58,-1.23,-1.77,-0.04,0.46
1991-10-31,16.36391304347826,137.2,0.14598540145984717,1.964090909090909,1.615,7.0,5.912272727272727,62.1855,-0.054645247872453506,3.18,1.29,0.85,-0.43,-1.65,-0.3,0.42
1991-11-30,17.773500000000002,137.8,0.4373177842565745,2.036842105263158,1.858421052631579,7.0,5.558947368421053,62.0871,-0.1582362447837493,1.18,-4.2,-0.88,-1.77,1.1,-0.12,0.39
1991-12-31,18.347619047619048,138.2,0.2902757619738683,2.1704761904761902,2.0628571428571427,7.3,5.025714285714285,61.7852,-0.48625237770808516,8.27,10.86,-2.41,-4.23,3.67,-3.14,0.38
1992-01-31,17.68318181818182,138.3,0.07235890014474222,2.0976190476190473,2.0742857142857143,7.3,4.958095238095238,61.4616,-0.5237500242776694,-2.49,-0.59,9.19,4.67,-1.17,3.25,0.34
1992-02-29,17.47736842105263,138.6,0.2169197396963085,1.888421052631579,2.1257894736842107,7.4,5.212105263157895,61.8955,0.7059692556002473,-0.69,1.09,1.3,6.51,0.07,2.25,0.28
1992-03-31,17.520454545454545,139.1,0.3607503607503615,1.7063636363636363,1.8572727272727272,7.4,5.6850000000000005,62.4232,0.8525660185312312,-0.24,-2.66,-0.89,3.49,-0.06,1.82,0.34
1992-04-30,16.562857142857144,139.4,0.21567217828901697,1.7285714285714284,2.136190476190476,7.4,5.344285714285714,62.897,0.7590126747747616,-2.51,1.09,-5.75,4.36,1.65,2.4,0.32
1992-05-31,15.077000000000002,139.7,0.21520803443326741,1.7375,2.1665,7.6,5.2255,63.104,0.32910949647837473,0.07,0.3,0.2,1.11,-0.91,0.49,0.28
1992-06-30,15.203181818181816,140.1,0.28632784538296097,1.7863636363636362,2.213636363636364,7.8,5.048181818181818,63.1363,0.05118534482757564,-0.57,-2.33,-2.76,3.24,-0.06,0.95,0.32
1992-07-31,13.601818181818182,140.5,0.2855103497501732,1.9922727272727272,2.489090909090909,7.7,4.3554545454545455,63.7176,0.9207064715544,1.53,3.78,-0.65,-0.51,1.24,-0.97,0.31
1992-08-31,14.421904761904763,140.8,0.2135231316725994,2.067142857142857,2.392857142857143,7.6,4.192857142857143,63.3613,-0.5591861589262614,-0.49,-2.38,-0.39,-1.09,3.66,-1.64,0.26
1992-09-30,13.696666666666667,141.1,0.21306818181816567,2.201428571428571,2.520952380952381,7.6,3.894285714285714,63.5703,0.32985434326631147,1.41,1.19,0.47,-0.19,1.61,-0.68,0.26
1992-10-31,17.63681818181818,141.7,0.425230333097093,2.2509523809523806,2.5061904761904765,7.3,4.082857142857143,63.9995,0.675158053367686,2.59,1.02,2.09,-1.98,1.19,-0.91,0.23
1992-11-30,14.4245,142.1,0.2822865208186309,2.084736842105263,2.2936842105263158,7.4,4.579473684210527,64.2422,0.37922171266961957,-0.23,4.14,3.88,-1.52,-0.54,-1.58,0.23
1992-12-31,12.191363636363635,142.3,0.14074595355384467,2.0404545454545455,2.096363636363636,7.4,4.673636363636363,64.3507,0.16889209896300272,4.46,1.53,1.65,2.64,-0.52,0.83,0.28
1993-01-31,12.409,142.8,0.35137034434293835,2.066315789473684,2.21,7.3,4.39,64.5978,0.3839896069506743,4.84,0.93,1.94,5.9,-1.9,2.94,0.23
1993-02-28,13.72157894736842,143.1,0.21008403361342243,2.1347368421052635,2.1605263157894736,7.1,4.098421052631579,64.9089,0.4815953484483826,3.12,0.12,-3.37,6.48,-0.47,4.15,0.22
1993-03-31,13.60608695652174,143.3,0.13976240391335715,2.170434782608696,2.0256521739130435,7.0,3.9495652173913043,64.8522,-0.08735319809765052,3.72,2.32,0.09,1.26,-0.22,0.82,0.25
1993-04-30,12.840952380952379,143.8,0.34891835310537633,2.170952380952381,2.131904761904762,7.1,3.837619047619048,65.0301,0.2743160602107775,0.36,-3.05,-0.81,2.55,-3.69,1.38,0.24
1993-05-31,13.606,144.2,0.2781641168289051,2.1785,2.0585,7.1,3.9770000000000003,64.784,-0.37844013772083684,0.2,2.89,1.94,-3.46,-0.14,-1.03,0.22
1993-06-30,12.524090909090908,144.3,0.06934812760057696,2.106818181818182,1.799090909090909,7.0,4.163636363636363,64.9301,0.22551864657938125,4.55,0.3,0.12,2.64,-0.91,1.16,0.25
1993-07-31,11.50047619047619,144.5,0.1386001386001201,2.128095238095238,1.7333333333333332,6.9,4.071904761904762,65.1052,0.2696746193213917,3.23,-0.34,0.96,2.87,-1.84,2.07,0.24
1993-08-31,11.928636363636365,144.8,0.20761245674740803,1.9172727272727272,1.6763636363636365,6.8,4.001363636363636,65.0267,-0.12057408624809307,2.59,3.72,0.09,0.18,-1.48,0.03,0.25
1993-09-30,12.931428571428572,145.0,0.13812154696131174,1.9819047619047618,1.512857142857143,6.7,3.8471428571428574,65.3717,0.5305512966212289,3.44,-0.12,3.0,-0.24,0.2,-0.16,0.26
1993-10-31,11.875238095238094,145.6,0.4137931034482678,1.98,1.4594999999999998,6.8,3.8745,65.8509,0.733038914392603,-2.69,1.41,1.87,-2.78,0.63,0.56,0.22
1993-11-30,14.083809523809524,146.0,0.27472527472527375,1.9364999999999999,1.5685,6.6,4.1555,66.1518,0.45694136298819465,-4.8,-1.86,-1.29,-0.78,2.25,-1.05,0.25
1993-12-31,11.356363636363637,146.3,0.205479452054802,1.910909090909091,1.5618181818181818,6.5,4.212272727272727,66.5436,0.5922741331301662,2.36,1.65,1.35,0.25,1.15,-0.34,0.23
1994-01-31,11.29047619047619,146.3,0.0,1.8980000000000001,1.6105,6.6,4.14,66.7351,0.28778124417676576,0.1,2.87,-0.05,1.1,-1.57,1.37,0.25
1994-02-28,13.64421052631579,146.7,0.2734107997265811,1.7905263157894737,1.4989473684210526,6.6,4.474210526315789,66.774,0.05829016514546925,-0.38,-2.55,2.62,-1.52,2.08,-0.94,0.21
1994-03-31,15.223478260869564,147.1,0.27266530334015826,1.6465217391304348,1.4873913043478262,6.5,4.995217391304348,67.4552,1.0201575463503865,-1.31,-4.79,-1.03,1.67,0.68,1.41,0.27
1994-04-30,16.471052631578946,147.2,0.06798096532969478,1.5505263157894738,1.4226315789473685,6.4,5.549473684210526,67.8541,0.5913554477638527,0.34,0.68,-1.0,1.66,1.04,1.12,0.27
1994-05-31,13.897142857142857,147.5,0.20380434782609758,1.4404761904761905,1.2152380952380952,6.1,5.968095238095238,68.1663,0.4601048425961096,-2.07,0.58,-2.48,0.6,0.66,0.6,0.32
1994-06-30,13.408636363636363,147.9,0.2711864406779618,1.5463636363636366,1.17,6.1,5.931363636363637,68.6265,0.6751136558680537,-0.88,-3.04,-0.5,1.77,1.09,1.49,0.31
1994-07-31,12.4845,148.4,0.33806626098715764,1.5055,1.168,6.1,6.13,68.7178,0.13303898639738243,0.12,2.82,-1.82,0.59,-0.63,0.11,0.28
1994-08-31,11.889130434782608,149.0,0.40431266846361336,1.5034782608695652,1.058695652173913,6.0,6.177391304347827,69.1785,0.6704230927067067,1.54,4.02,1.47,-2.6,1.0,-1.52,0.37
1994-09-30,13.233333333333333,149.3,0.2013422818792021,1.520952380952381,1.0647619047619048,5.9,6.392380952380953,69.3961,0.3145485953005789,1.31,-2.28,2.69,-1.79,0.54,1.04,0.37
1994-10-31,15.245238095238093,149.4,0.06697923643670389,1.4605000000000001,1.0154999999999998,5.8,6.7284999999999995,69.9544,0.8045120691220431,1.43,1.35,-2.22,-1.67,0.23,-0.79,0.38
1994-11-30,16.383809523809525,149.8,0.2677376171352108,1.3575000000000002,0.8065,5.6,7.1485,70.4326,0.6835881660052667,-0.15,-4.03,0.15,-0.74,0.46,-0.47,0.37
1994-12-31,14.177142857142858,150.1,0.20026702269690944,1.2895238095238095,0.22428571428571428,5.5,7.58952380952381,71.1523,1.0218279603479097,3.46,0.86,-0.07,-0.1,0.4,0.34,0.44
1995-01-31,12.274285714285714,150.5,0.26648900732844094,1.3025,0.2725,5.6,7.507,71.2734,0.17019829295750188,-1.81,1.8,-3.06,2.58,0.18,-0.66,0.42
1995-02-28,11.47,150.9,0.2657807308970028,1.3805263157894736,0.35789473684210527,5.4,7.111578947368422,71.193,-0.11280505770735472,-0.43,3.63,-0.45,0.98,0.58,-0.34,0.4
1995-03-31,12.166521739130435,151.2,0.1988071570576455,1.4965217391304348,0.42913043478260865,5.4,6.775652173913044,71.3113,0.16616802213702542,0.43,2.19,-0.51,-2.16,-0.1,0.22,0.46
1995-04-30,12.442631578947369,151.8,0.3968253968254176,1.5363157894736843,0.4947368421052632,5.8,6.5678947368421055,71.1882,-0.17262341311966578,1.79,2.11,-0.27,1.67,0.44,0.82,0.44
1995-05-31,12.265909090909092,152.1,0.19762845849802257,1.5704545454545453,0.46181818181818185,5.6,6.170909090909091,71.5378,0.49109262490132366,-0.54,2.9,-2.18,2.28,0.38,0.02,0.54
1995-06-30,11.896818181818183,152.4,0.19723865877712132,1.7322727272727272,0.4522727272727272,5.6,5.715909090909091,71.7749,0.3314331723927699,3.02,2.72,3.02,-2.52,-0.25,-2.4,0.47
1995-07-31,12.514,152.6,0.1312335958005173,1.7605,0.49799999999999994,5.7,5.779999999999999,71.4748,-0.4181127385757377,2.54,3.71,2.14,-1.57,0.24,-1.56,0.45
1995-08-31,12.798260869565217,152.9,0.1965923984272644,1.7047826086956521,0.5073913043478261,5.7,5.980869565217391,72.4223,1.3256420444688333,0.14,0.55,1.7,2.68,-1.16,1.49,0.47
1995-09-30,12.057,153.1,0.1308044473512071,1.737,0.3915,5.6,5.806,72.7144,0.4033288089442033,2.87,3.36,-1.87,-0.11,0.98,0.4,0.43
1995-10-31,14.357272727272727,153.5,0.2612671456564408,1.7052380952380954,0.3476190476190476,5.5,5.6971428571428575,72.5866,-0.1757561088312487,4.18,-1.51,-4.09,-0.48,1.91,-0.09,0.47
1995-11-30,12.46904761904762,153.7,0.13029315960910726,1.7542857142857144,0.45142857142857146,5.6,5.478571428571429,72.7779,0.26354726629984615,-0.72,3.96,-1.06,0.52,-0.54,1.0,0.42
1995-12-31,11.7485,153.9,0.13012361743658385,1.779,0.387,5.6,5.3245,73.0305,0.347083386577518,2.5,1.04,0.65,0.24,-1.44,3.02,0.49
1996-01-31,13.473636363636365,154.7,0.5198180636777128,1.8095238095238095,0.54,5.6,5.112380952380953,72.6125,-0.5723636015089628,0.55,2.26,-2.64,0.45,0.28,2.29,0.43
1996-02-29,15.032999999999998,155.0,0.19392372333548735,1.8210000000000002,0.78,5.5,5.0255,73.6752,1.4635221208469718,0.57,1.33,1.77,-1.05,0.17,-1.88,0.39
1996-03-31,17.76238095238095,155.5,0.3225806451612856,1.7676190476190474,0.6076190476190476,5.5,5.660952380952381,73.585,-0.12242925706344998,-1.85,0.74,1.57,0.42,1.47,-0.95,0.39
1996-04-30,16.575238095238095,156.1,0.38585209003214604,1.6845454545454546,0.5540909090909091,5.6,5.957272727272727,74.3172,0.995039749949056,-0.96,2.05,4.7,-3.96,-0.2,-2.02,0.46
1996-05-31,16.14636363636364,156.4,0.19218449711724261,1.560909090909091,0.6418181818181817,5.6,6.095,74.8726,0.7473370902025378,1.6,2.36,3.24,-0.91,0.06,-0.34,0.42
1996-06-30,16.395,156.7,0.19181585677747748,1.488,0.615,5.3,6.297,75.4433,0.7622281048073498,1.0,-1.13,-3.67,2.33,3.49,1.2,0.4
1996-07-31,17.978636363636365,157.0,0.19144862795150708,1.4877272727272726,0.5954545454545455,5.5,6.27,75.4549,0.015375785523707997,-0.15,-5.96,-3.8,5.19,2.92,2.66,0.45
1996-08-31,15.760454545454547,157.2,0.1273885350318471,1.54,0.6063636363636363,5.1,6.029090909090908,75.8411,0.5118289203219328,-0.01,2.77,2.57,-0.8,-0.39,-2.48,0.41
1996-09-30,16.578,157.7,0.31806615776082126,1.5130000000000001,0.598,5.2,6.234,76.3158,0.6259139173877992,2.66,5.01,-1.41,-2.75,1.31,-2.12,0.44
1996-10-31,16.38173913043478,158.2,0.3170577045022105,1.5354545454545454,0.620909090909091,5.2,5.912727272727273,76.3384,0.029613789018778647,3.79,0.87,-3.78,4.87,1.38,2.95,0.42
1996-11-30,15.997,158.7,0.3160556257901348,1.5836842105263158,0.5021052631578947,5.4,5.701578947368421,77.0397,0.9186726470557405,-2.34,6.25,-3.8,1.38,2.09,-0.71,0.41
1996-12-31,19.260952380952382,159.1,0.2520478890989386,1.5904761904761904,0.5204761904761904,5.4,5.781904761904762,77.5333,0.6407086216587032,0.58,-1.7,3.2,1.27,0.24,1.48,0.46
1997-01-31,19.473333333333333,159.4,0.18856065367693908,1.5171428571428571,0.570952380952381,5.3,6.008095238095239,77.6562,0.15851253590393188,1.92,4.97,-1.82,-1.43,1.23,-0.06,0.45
1997-02-28,20.139473684210525,159.7,0.18820577164364583,1.5221052631578948,0.5210526315789474,5.2,5.898421052631579,78.5833,1.1938518753170868,-2.08,-0.48,-2.55,5.62,0.71,3.47,0.39
1997-03-31,20.169999999999998,159.8,0.06261740763933155,1.488,0.4725,5.2,6.2219999999999995,79.082,0.6346132066227916,0.9,-5.02,-0.4,3.37,0.4,1.55,0.43
1997-04-30,19.662272727272725,159.9,0.06257822277846437,1.4513636363636364,0.43727272727272726,5.1,6.448181818181819,79.1747,0.11722010065502442,4.84,4.04,-5.72,0.03,3.33,-1.01,0.43
1997-05-31,19.924761904761905,159.9,0.0,1.4919047619047618,0.4342857142857143,4.9,6.276666666666666,79.6133,0.5539648397783647,-5.2,6.73,4.69,-4.13,-1.02,-2.77,0.49
1997-06-30,20.194285714285712,160.2,0.18761726078797558,1.5266666666666668,0.3990476190476191,5.0,6.094761904761905,79.9792,0.4595965749441433,2.6,4.1,1.15,1.47,0.53,0.45,0.37
1997-07-31,20.529090909090908,160.4,0.12484394506866447,1.526818181818182,0.32954545454545453,4.9,5.890909090909091,80.6624,0.8542220977454162,3.69,7.31,-2.75,0.13,0.18,-2.56,0.43
1997-08-31,23.084761904761905,160.8,0.24937655860348684,1.518095238095238,0.3595238095238095,4.8,5.939047619047619,81.4694,1.0004661403578252,-2.64,-4.09,7.5,1.13,-1.02,-0.17,0.41
1997-09-30,23.812380952380952,161.2,0.24875621890545485,1.5042857142857142,0.32666666666666666,4.9,5.881904761904762,82.2156,0.9159267160430806,1.48,5.34,2.48,0.24,-1.58,-0.93,0.44
1997-10-31,23.87086956521739,161.5,0.18610421836229296,1.5422727272727272,0.25772727272727275,4.7,5.771818181818182,82.9446,0.8866930363580661,-0.54,-3.81,-0.56,2.33,0.75,2.01,0.42
1997-11-30,32.20611111111111,161.7,0.12383900928791824,1.5438888888888889,0.1622222222222222,4.6,5.712777777777777,83.5978,0.7875135934105604,0.42,2.99,-5.01,1.22,3.08,1.73,0.39
1997-12-31,26.276363636363637,161.8,0.06184291898578831,1.5172727272727273,0.09363636363636364,4.7,5.715,83.9538,0.4258485271143364,3.93,1.36,-2.09,3.74,0.64,1.95,0.48
1998-01-31,23.8665,162.0,0.12360939431395046,1.652,0.1875,4.6,5.357,84.3218,0.4383363230729298,0.08,0.14,-1.28,-1.68,0.91,-0.62,0.43
1998-02-28,19.998947368421053,162.0,0.0,1.681578947368421,0.1568421052631579,4.6,5.417894736842105,84.4583,0.1618798460184756,-1.19,7.04,0.05,-0.93,-0.37,-2.58,0.39
1998-03-31,20.158636363636365,162.0,0.0,1.6718181818181819,0.08590909090909092,4.7,5.5613636363636365,84.488,0.035165282749005655,2.14,4.76,-0.73,1.38,-0.55,-0.23,0.39
1998-04-30,22.02857142857143,162.2,0.12345679012344402,1.6928571428571426,0.07333333333333333,4.3,5.564285714285714,84.7779,0.3431256509800251,0.68,0.74,0.01,1.03,-1.68,-0.36,0.43
1998-05-31,20.874000000000002,162.6,0.2466091245376223,1.645,0.059,4.4,5.593500000000001,85.3367,0.6591340431881365,1.97,-3.05,-3.0,3.41,1.03,2.47,0.4
1998-06-30,21.66272727272727,162.8,0.12300123001232066,1.6377272727272727,-0.023636363636363636,4.5,5.52,84.8248,-0.5998591461821245,8.05,3.21,-3.61,-2.03,-0.26,-3.03,0.41
1998-07-31,19.930000000000003,163.2,0.24570024570023108,1.6877272727272725,0.0031818181818181815,4.5,5.458181818181818,84.4986,-0.3845573464364205,3.79,-2.42,-5.2,-1.81,1.64,0.77,0.4
1998-08-31,31.58809523809524,163.4,0.1225490196078427,1.8014285714285714,0.07333333333333333,4.5,5.268571428571429,86.248,2.070330159316258,1.87,-16.05,-4.95,3.59,3.41,5.77,0.43
1998-09-30,38.2047619047619,163.5,0.0611995104039087,2.281428571428571,0.14047619047619048,4.6,4.666190476190476,86.2021,-0.05321862535943023,-0.69,6.19,-0.87,-3.51,-1.82,-2.83,0.46
1998-10-31,36.60818181818182,163.9,0.24464831804280607,2.6523809523809527,0.43809523809523804,4.5,4.091904761904762,86.7914,0.6836260369526892,-5.34,6.98,-3.35,-2.37,0.92,0.16,0.32
1998-11-30,26.223000000000003,164.1,0.12202562538132788,2.5105263157894737,0.28736842105263155,4.4,4.54,86.7256,-0.07581396313459665,1.14,6.07,0.72,-3.17,-1.02,-0.93,0.31
1998-12-31,25.479090909090907,164.4,0.1828153564899626,2.5813636363636365,0.13863636363636364,4.4,4.506363636363637,87.1185,0.4530380879463447,8.88,6.15,-1.52,-4.25,-0.73,-3.25,0.38
1999-01-31,28.035263157894736,164.7,0.18248175182480342,2.5657894736842106,0.1068421052631579,4.3,4.615263157894737,87.4949,0.43205518919633423,2.85,3.47,-0.84,-4.42,-2.85,-6.42,0.35
1999-02-28,28.82263157894737,164.7,0.0,2.39,0.12263157894736842,4.4,4.876315789473685,88.027,0.608149732155816,-0.08,-4.08,-5.12,1.89,-1.19,4.04,0.35
1999-03-31,25.309565217391306,164.8,0.06071645415908211,2.301304347826087,0.17956521739130435,4.2,5.05304347826087,88.2267,0.22686221273018337,-1.21,3.48,-4.41,-2.56,-4.11,-1.04,0.43
1999-04-30,23.478571428571428,165.9,0.6674757281553312,2.2945454545454544,0.20772727272727273,4.3,4.976818181818182,88.4295,0.22986238859665775,-8.92,4.34,4.51,2.38,-2.5,0.82,0.37
1999-05-31,26.204500000000003,166.0,0.06027727546713546,2.1825,0.28500000000000003,4.2,5.2545,88.9886,0.6322550732504428,-5.28,-2.46,3.76,2.5,0.98,3.14,0.34
1999-06-30,23.626363636363635,166.0,0.0,2.1154545454545453,0.2809090909090909,4.3,5.618636363636363,88.9188,-0.07843701328035246,4.66,4.77,2.32,-3.22,0.88,-2.89,0.4
1999-07-31,21.04904761904762,166.7,0.42168674698794817,2.1561904761904764,0.23714285714285716,4.3,5.5547619047619055,89.4333,0.5786177951119464,1.7,-3.49,2.55,-0.18,0.31,3.29,0.38
1999-08-31,24.323636363636364,167.1,0.23995200959807672,2.2150000000000003,0.2609090909090909,4.2,5.678181818181819,89.7924,0.4015282897980921,2.93,-1.37,-1.67,-1.92,-0.16,0.66,0.39
1999-09-30,24.541428571428572,167.8,0.418910831837227,2.2871428571428574,0.25333333333333335,4.2,5.661904761904762,89.4299,-0.403708999870811,6.4,-2.77,2.49,-2.9,-0.96,-0.99,0.39
1999-10-31,24.021428571428572,168.1,0.17878426698449967,2.266,0.2495,4.1,5.8625,90.523,1.2222981351874385,5.41,6.09,-7.13,-2.88,-1.69,-0.89,0.39
1999-11-30,21.81809523809524,168.4,0.17846519928614857,2.1165,0.172,4.1,5.862,90.9618,0.4847386851960289,5.5,3.41,5.67,-5.65,-4.18,-1.85,0.36
1999-12-31,22.15909090909091,168.8,0.23752969121140222,1.9118181818181819,0.1709090909090909,4.0,6.104545454545455,91.6634,0.7713127928427044,13.15,7.66,5.08,-7.67,-8.07,-5.86,0.44
2000-01-31,23.202,169.3,0.2962085308056972,1.6715,0.221,4.0,6.44,91.538,-0.13680487522828022,1.84,-4.74,4.17,-1.1,-6.08,4.48,0.41
2000-02-29,23.5955,170.0,0.41346721795627595,1.7675,-0.091,4.1,6.6105,91.8239,0.3123293058620469,18.05,2.45,18.54,-9.73,-18.93,-1.06,0.43
2000-03-31,22.718260869565217,171.0,0.588235294117645,2.110869565217391,-0.2717391304347826,4.0,6.528260869565218,92.1504,0.35557191537280985,-6.86,5.21,-15.53,8.48,11.62,-1.2,0.47
2000-04-30,27.164210526315788,170.9,-0.05847953216373547,2.411578947368421,-0.4131578947368421,3.8,6.403684210526316,92.6989,0.5952225926311616,-8.59,-6.35,-4.79,6.45,8.06,5.6,0.46
2000-05-31,26.37318181818182,171.2,0.17554125219425565,2.46,-0.3690909090909091,4.0,6.809545454545455,92.9499,0.2707691245527277,-8.93,-4.39,-3.86,4.58,4.06,1.45,0.5
2000-06-30,21.54,172.2,0.5841121495327117,2.385,-0.3845454545454546,4.0,6.4818181818181815,92.9862,0.03905329645323974,16.64,4.68,9.95,-8.03,-8.29,-3.18,0.4
2000-07-31,19.893,172.7,0.29036004645761615,2.2925,-0.28500000000000003,4.0,6.339,92.8048,-0.19508271119800247,-0.18,-2.48,-0.93,8.1,5.7,2.99,0.48
2000-08-31,18.088695652173914,172.7,0.0,2.429130434782609,-0.4026086956521739,4.1,6.228695652173912,92.5521,-0.272291950416359,5.61,7.03,-0.94,-1.4,-3.06,1.23,0.5
2000-09-30,19.6875,173.6,0.5211349160393786,2.5469999999999997,-0.28250000000000003,3.9,6.0815,92.9792,0.4614698099772996,1.89,-5.44,0.29,7.22,2.71,5.55,0.51
2000-10-31,25.2,173.9,0.1728110599078514,2.602857142857143,-0.1738095238095238,3.9,5.9123809523809525,92.6179,-0.388581532213661,-4.51,-2.78,-2.58,5.64,9.54,3.7,0.56
2000-11-30,26.38285714285714,174.2,0.17251293847038163,2.5619047619047617,-0.15809523809523812,3.9,5.875238095238096,92.6438,0.027964356782006483,-2.18,-10.7,-0.34,12.25,13.04,8.34,0.51
2000-12-31,26.5305,174.6,0.22962112514350874,2.7824999999999998,-0.1115,3.9,5.351999999999999,92.3415,-0.3263035410896342,6.62,1.18,3.28,7.54,1.92,4.85,0.5
2001-01-31,24.918571428571425,175.6,0.572737686139746,2.7676190476190476,0.40095238095238095,4.2,4.76,91.902,-0.4759506830623206,-25.36,3.25,5.21,-5.06,-5.2,-5.22,0.54
2001-02-28,23.411578947368422,176.0,0.2277904328018332,2.774736842105263,0.4421052631578948,4.2,4.656842105263158,91.3034,-0.6513459989989423,12.68,-10.03,2.87,12.22,9.11,9.0,0.38
2001-03-31,28.49681818181818,176.1,0.05681818181817455,2.958636363636364,0.5431818181818181,4.3,4.342272727272728,91.1162,-0.20503069984249,8.58,-7.25,2.34,6.49,3.35,3.72,0.42
2001-04-30,28.133999999999997,176.4,0.17035775127769437,2.9274999999999998,0.907,4.4,4.234,90.7891,-0.3589921440973143,-7.96,7.94,-0.91,-4.67,-3.18,-3.24,0.39
2001-05-31,22.944090909090907,177.3,0.5102040816326481,2.680454545454545,1.1313636363636363,4.3,4.26,90.3555,-0.47759037153137784,2.43,0.68,3.56,3.39,0.3,1.98,0.32
2001-06-30,20.94047619047619,177.7,0.2256063169768563,2.6904761904761907,1.2042857142857142,4.5,4.08,89.8784,-0.5280254107386972,0.61,-1.94,6.66,-1.2,1.56,-1.7,0.28
2001-07-31,22.316190476190474,177.4,-0.16882386043892694,2.7338095238095237,1.1976190476190476,4.6,4.038571428571428,89.3028,-0.6404208352618568,5.47,-2.13,-2.86,4.95,7.29,2.9,0.3
2001-08-31,21.86173913043478,177.4,0.0,2.8773913043478263,1.2139130434782608,4.9,3.757391304347826,89.2003,-0.11477803607502501,5.49,-6.4,2.54,2.86,3.81,6.53,0.31
2001-09-30,35.065333333333335,178.1,0.3945885005636862,3.2958823529411765,1.6129411764705883,5.0,3.1188235294117646,88.7485,-0.5065005386753141,11.4,-9.24,-5.74,1.52,5.03,3.35,0.28
2001-10-31,32.72130434782609,177.6,-0.28074115665356336,3.3400000000000003,1.8409090909090908,5.3,2.725909090909091,88.5052,-0.27414547851513094,-8.4,2.48,5.34,-7.31,-2.98,-4.36,0.22
2001-11-30,26.63095238095238,177.5,-0.05630630630630851,3.1614999999999998,1.8690000000000002,5.5,2.7824999999999998,87.97,-0.6047102317151998,-8.62,7.53,-0.36,2.17,-3.49,-1.68,0.17
2001-12-31,23.72,177.4,-0.05633802816901179,2.9657894736842105,1.9805,5.7,3.107,87.9324,-0.04274184381038992,0.05,1.61,5.11,0.83,0.26,-0.28,0.15
2002-01-31,22.252857142857142,177.7,0.16910935738443378,2.833809523809524,2.0076190476190474,5.7,3.0280952380952377,88.5176,0.6655112336294788,3.66,-1.44,1.28,3.42,4.73,2.83,0.14
2002-02-28,22.87578947368421,178.0,0.16882386043894915,2.9789473684210526,1.8963157894736842,5.7,3.015263157894737,88.5278,0.011523132122870372,6.88,-2.28,-0.38,2.34,8.03,5.1,0.13
2002-03-31,18.985,178.5,0.2808988764045006,2.822,1.7265000000000001,5.7,3.5575,89.1686,0.7238404207491778,-1.66,4.24,4.15,1.08,-1.83,0.66,0.13
2002-04-30,19.900454545454547,179.3,0.4481792717086819,2.821818181818182,1.7881818181818183,5.9,3.4227272727272724,89.604,0.48828847823112476,7.69,-5.21,6.63,4.01,4.59,5.35,0.15
2002-05-31,20.087727272727275,179.5,0.1115448968209698,2.9231818181818183,1.9004545454545456,5.8,3.264090909090909,89.964,0.4017677782241824,3.12,-1.36,-3.07,1.52,2.31,2.53,0.14
2002-06-30,25.271,179.6,0.055710306406675514,3.0235,1.9335,5.8,2.993,90.7061,0.8248855097594765,6.22,-7.23,3.76,0.37,3.92,2.66,0.13
2002-07-31,34.04954545454546,180.0,0.22271714922048602,3.244545454545454,2.096363636363636,5.8,2.5568181818181817,90.6769,-0.032191881251653065,3.65,-8.19,-6.34,-3.58,3.82,-1.12,0.15
2002-08-31,33.74272727272727,180.5,0.2777777777777768,3.3245454545454547,2.1236363636363635,5.7,2.1336363636363633,90.5762,-0.11105364210730606,1.84,0.5,-1.28,2.96,1.37,-1.39,0.14
2002-09-30,37.6475,180.8,0.16620498614958734,3.526,1.8655000000000002,5.7,2.0044999999999997,90.6531,0.08490089007928692,9.0,-10.34,3.05,1.27,3.28,-2.3,0.14
2002-10-31,35.24304347826087,181.2,0.22123893805308104,3.7927272727272725,2.0290909090909093,5.7,1.9118181818181819,90.4643,-0.2082664575177251,-5.47,7.84,-4.29,-3.74,-3.16,0.74,0.14
2002-11-30,28.175,181.5,0.16556291390728006,3.568947368421053,2.125263157894737,5.9,1.923157894736842,90.9711,0.5602209932537017,-16.45,5.96,2.94,-1.23,-9.24,5.17,0.12
2002-12-31,28.21047619047619,181.8,0.16528925619836432,3.4161904761904758,2.1961904761904765,6.0,1.8361904761904764,90.4652,-0.5561106769072954,9.71,-5.76,0.55,2.16,6.32,-1.79,0.11
2003-01-31,27.424285714285713,182.6,0.44004400440043057,3.2990476190476192,2.305238095238095,5.8,1.7433333333333334,91.2361,0.8521508823282398,1.53,-2.57,0.71,-0.84,-0.93,0.7,0.1
2003-02-28,32.21842105263158,183.6,0.5476451259583737,3.1542105263157896,2.274736842105263,5.9,1.6278947368421053,91.3445,0.11881261912773944,1.21,-1.88,-0.86,-1.42,0.8,-0.68,0.09
2003-03-31,30.634285714285717,183.9,0.16339869281045694,3.141904761904762,2.2333333333333334,5.9,1.5738095238095238,91.1044,-0.26285107477734826,1.42,1.09,0.76,-2.06,1.68,-0.8,0.1
2003-04-30,23.99190476190476,183.2,-0.38064165307233333,2.894285714285714,2.336190476190476,6.0,1.6223809523809525,90.5617,-0.5956902191332047,-9.32,8.18,1.14,1.2,-4.68,0.96,0.1
2003-05-31,20.23952380952381,182.9,-0.16375545851528006,2.809047619047619,2.1538095238095236,6.1,1.4152380952380952,90.537,-0.027274222988304953,-10.72,6.05,4.78,0.63,-6.95,3.09,0.09
2003-06-30,20.362380952380953,183.1,0.10934937124111865,2.856190476190476,2.107142857142857,6.3,1.227142857142857,90.6527,0.1277930569822061,-1.24,1.42,1.65,0.2,0.44,-0.39,0.1
2003-07-31,19.161363636363635,183.7,0.3276897870016393,2.640909090909091,2.5013636363636365,6.2,1.4740909090909091,91.1185,0.5138291523584027,-0.28,2.33,4.41,-1.54,-3.9,1.53,0.07
2003-08-31,19.274285714285714,184.5,0.4354926510615087,2.5666666666666664,2.580952380952381,6.1,1.8642857142857143,90.9197,-0.21817742829391973,-0.58,2.33,2.37,1.64,-2.29,2.15,0.07
2003-09-30,19.532380952380954,185.1,0.3252032520325132,2.5157142857142856,2.568095238095238,6.1,1.706190476190476,91.5059,0.6447447582867083,-0.07,-1.24,0.57,0.14,0.9,0.41,0.08
2003-10-31,18.023478260869567,184.9,-0.10804970286331095,2.442272727272727,2.5427272727272725,6.0,1.7477272727272728,91.6186,0.1231614573486528,4.0,6.08,2.63,2.21,-1.38,1.65,0.07
2003-11-30,17.40105263157895,185.0,0.05408328826392861,2.3577777777777778,2.373333333333333,5.8,1.9266666666666667,92.2329,0.6704970388109022,1.37,1.35,2.31,1.72,0.21,1.68,0.07
2003-12-31,16.826363636363638,185.5,0.2702702702702675,2.3286363636363636,2.3604545454545454,5.7,1.9072727272727272,92.2602,0.029598982575618216,-5.53,4.29,-2.51,1.51,0.57,0.85,0.08
2004-01-31,16.101,186.3,0.43126684636118906,2.2915,2.3895,5.7,1.761,92.4006,0.1521782957331519,2.56,2.15,2.46,2.42,-3.6,3.33,0.07
2004-02-29,15.99842105263158,186.7,0.21470746108425143,2.181052631578947,2.3442105263157895,5.6,1.7400000000000002,92.958,0.6032428360854825,-1.18,1.4,-0.92,0.95,2.13,-1.17,0.06
2004-03-31,17.687391304347827,187.1,0.2142474558114671,2.2878260869565215,2.248695652173913,5.8,1.5778260869565217,92.5861,-0.4000731513156497,0.2,-1.32,2.11,0.23,1.65,-0.98,0.09
2004-04-30,15.69857142857143,187.4,0.16034206306787535,2.111428571428571,2.276666666666667,5.6,2.070952380952381,92.93,0.3714380452357391,-5.37,-1.82,-2.06,-3.23,3.46,-2.83,0.08
2004-05-31,17.705000000000002,188.2,0.4268943436499306,2.0315,2.182,5.6,2.5335,93.6013,0.7223716776067812,1.49,1.18,-0.4,-0.18,-1.17,0.01,0.06
2004-06-30,15.342727272727274,188.9,0.37194473963868546,2.05,1.9704761904761903,5.6,2.763333333333333,92.871,-0.7802242062877385,2.06,1.86,2.52,1.21,1.12,-0.31,0.08
2004-07-31,15.502380952380953,189.1,0.10587612493382359,2.124285714285714,1.8595238095238094,5.5,2.6385714285714283,93.5649,0.747165423006102,-2.24,-4.04,-2.91,3.22,5.26,-1.64,0.1
2004-08-31,16.68409090909091,189.2,0.052882072977267214,2.1818181818181817,1.7731818181818182,5.4,2.5081818181818183,93.6277,0.06711918678907747,-1.56,0.08,-1.17,1.07,1.24,-1.35,0.11
2004-09-30,14.08095238095238,189.8,0.3171247357294016,2.142857142857143,1.6004761904761904,5.4,2.5252380952380955,93.7467,0.12709913839601406,5.5,1.6,3.2,-0.05,-1.5,-1.71,0.11
2004-10-31,14.973809523809523,190.8,0.5268703898840821,2.1079999999999997,1.5125,5.5,2.5845,94.5465,0.8531500308810669,-1.49,1.42,0.16,-0.26,-0.54,0.38,0.11
2004-11-30,13.577619047619047,191.7,0.4716981132075304,2.009,1.342,5.4,2.852,94.7813,0.24834340774118058,3.11,4.53,4.12,1.57,-0.52,-0.19,0.15
2004-12-31,12.459545454545456,191.7,0.0,1.9227272727272726,1.219090909090909,5.4,3.011818181818182,95.5365,0.7967816436364572,-2.85,3.41,-0.05,-0.22,-1.11,0.4,0.16
2005-01-31,13.437999999999999,191.6,-0.052164840897228615,1.796,0.999,5.3,3.2225,95.8801,0.3596531168715611,3.12,-2.75,-1.14,2.1,2.82,-1.38,0.16
2005-02-28,11.708947368421052,192.4,0.41753653444676075,1.6505263157894736,0.7805263157894737,5.4,3.3847368421052635,96.5761,0.7259066271311676,3.43,1.88,-0.32,1.44,1.36,-0.17,0.16
2005-03-31,13.126363636363635,193.1,0.36382536382535413,1.5631818181818182,0.770909090909091,5.2,3.7268181818181816,96.4456,-0.1351265996452522,0.43,-1.93,-1.41,2.08,0.46,1.34,0.21
2005-04-30,14.459047619047618,193.7,0.31071983428274663,1.7080952380952379,0.6871428571428572,5.2,3.653809523809524,96.6532,0.21525087717841895,-0.7,-2.6,-3.99,0.09,1.03,-0.79,0.21
2005-05-31,13.967619047619047,193.6,-0.05162622612286949,1.861904761904762,0.5004761904761905,5.1,3.643809523809524,96.7402,0.09001253967795275,0.37,3.65,2.76,-0.61,-1.04,0.26,0.24
2005-06-30,11.868636363636364,193.7,0.05165289256197081,1.86,0.3577272727272727,5.0,3.6404545454545456,97.1753,0.44976131949281406,2.08,0.58,3.22,2.86,0.9,-0.45,0.23
2005-07-31,11.049,194.9,0.6195147134744561,1.775,0.3065,5.0,3.871,96.8676,-0.31664425013351316,0.05,3.92,2.77,-0.78,-1.19,-0.79,0.24
2005-08-31,12.951304347826087,196.1,0.6157003591585442,1.6995652173913043,0.21826086956521742,4.9,4.044347826086956,97.1833,0.32590876619220666,2.05,-1.2,-0.94,1.34,-1.96,0.38,0.3
2005-09-30,12.628095238095238,198.8,1.37684854665987,1.83,0.2528571428571429,5.0,3.9461904761904765,95.3005,-1.9373698979145648,3.46,0.48,-0.31,0.78,0.26,-0.61,0.29
2005-10-31,14.937619047619048,199.1,0.15090543259557165,1.8345000000000002,0.1925,5.0,4.271,96.4572,1.2137396970635095,-1.27,-2.04,-1.5,0.43,-0.7,-1.26,0.27
2005-11-30,12.147619047619047,198.1,-0.5022601707684538,1.855,0.11850000000000001,5.0,4.4165,97.5414,1.1240218459586115,0.29,3.61,0.9,-1.19,-0.79,-1.09,0.31
2005-12-31,11.26,198.1,0.0,1.8538095238095238,0.06285714285714286,4.9,4.404285714285714,98.0452,0.5164986354512013,0.8,-0.24,-0.25,0.15,0.18,0.2,0.32
2006-01-31,12.036,199.3,0.6057546693589266,1.8210000000000002,0.020499999999999997,4.7,4.3955,98.1999,0.15778436884212876,2.53,3.03,5.83,0.99,-0.66,-0.35,0.35
2006-02-28,12.471052631578948,199.4,0.050175614651282174,1.7010526315789474,-0.09947368421052633,4.8,4.6684210526315795,98.2413,0.042158902402134046,-1.82,-0.3,-0.46,-0.31,-0.54,1.98,0.34
2006-03-31,11.69391304347826,199.7,0.15045135406217547,1.6873913043478261,-0.009999999999999998,4.7,4.73391304347826,98.4628,0.22546525748337043,1.27,1.47,3.34,0.61,0.03,-0.44,0.37
2006-04-30,11.84736842105263,200.7,0.5007511266900355,1.69,0.10157894736842105,4.7,4.888947368421053,98.7618,0.30366798425394137,0.61,0.73,-0.79,2.26,1.74,-0.13,0.36
2006-05-31,14.454545454545455,201.3,0.2989536621823774,1.6354545454545453,0.14181818181818182,4.6,4.968181818181818,98.7869,0.025414684625046924,-3.67,-3.56,-2.9,2.38,0.87,1.53,0.43
2006-06-30,16.918636363636363,201.8,0.24838549428713996,1.6731818181818179,-0.015454545454545453,4.6,5.121818181818182,99.0997,0.3166411740827879,1.55,-0.34,-0.24,0.85,1.32,-0.13,0.4
2006-07-31,15.325999999999999,202.9,0.5450941526263575,1.6745,-0.031,4.7,5.1185,99.0489,-0.05126150735067503,-2.05,-0.77,-3.6,2.62,1.62,0.84,0.4
2006-08-31,13.351739130434783,203.8,0.44356826022671214,1.7117391304347824,-0.026956521739130435,4.7,4.903478260869565,99.4836,0.43887413186818325,-3.37,2.03,0.45,-1.95,-1.81,2.1,0.42
2006-09-30,12.1845,202.8,-0.4906771344455385,1.7109999999999999,-0.05,4.5,4.769,99.3183,-0.16615804011917978,-0.98,1.84,-1.39,0.07,0.78,0.46,0.41
2006-10-31,11.306363636363637,201.9,-0.4437869822485285,1.6952380952380952,-0.06666666666666668,4.4,4.795714285714285,99.2044,-0.11468178573332821,-0.24,3.22,1.97,-0.33,-0.12,0.32,0.41
2006-11-30,10.817619047619049,202.0,0.04952947003467045,1.6085714285714285,-0.14523809523809525,4.5,4.7404761904761905,99.1627,-0.04203442589240103,-1.01,1.7,0.62,0.03,0.2,-0.81,0.42
2006-12-31,10.9645,203.1,0.544554455445545,1.654,-0.10900000000000001,4.4,4.6735,100.1735,1.0193348910427114,0.79,0.85,-0.81,2.75,-0.65,1.88,0.4
2007-01-31,11.0425,203.437,0.1659281142294633,1.5833333333333333,-0.11666666666666667,4.6,4.876190476190477,99.8346,-0.3383130268983403,0.25,1.38,0.02,-0.68,0.19,0.36,0.44
2007-02-28,11.155263157894737,204.226,0.3878350545869269,1.5531578947368423,-0.12631578947368421,4.5,4.848947368421053,100.7753,0.9422584955516511,-1.31,-1.96,1.33,-0.09,-0.52,-0.64,0.38
2007-03-31,15.162727272727272,205.288,0.5200121434097538,1.7031818181818181,-0.009090909090909092,4.4,4.573636363636364,100.9547,0.17801981239451425,2.59,0.71,0.14,-0.89,0.55,-0.67,0.43
2007-04-30,12.933000000000002,205.904,0.3000662483924943,1.6995238095238094,0.027619047619047623,4.5,4.666190476190476,101.6334,0.672281726358448,-0.21,3.49,-2.08,-1.44,1.18,1.01,0.44
2007-05-31,13.297727272727274,206.755,0.41329940166290324,1.6390909090909092,-0.02,4.4,4.766363636363637,101.7306,0.09563785133628322,-0.34,3.24,0.33,-0.58,1.47,-1.24,0.41
2007-06-30,14.947619047619046,207.234,0.23167517109623503,1.5942857142857145,0.12238095238095237,4.6,4.980476190476191,101.7893,0.0577014192386649,0.47,-1.96,0.7,-1.04,0.49,0.06,0.4
2007-07-31,17.273333333333333,207.603,0.17805958481715844,1.648095238095238,0.18523809523809526,4.7,4.819047619047619,101.6672,-0.11995366900057203,2.94,-3.72,-3.07,-3.71,0.27,-1.16,0.4
2007-08-31,25.02608695652174,207.667,0.030828070885302594,1.977391304347826,0.3617391304347826,4.6,4.3130434782608695,101.863,0.19258915363067342,-0.02,0.94,-0.34,-1.89,-1.26,-0.57,0.42
2007-09-30,22.198947368421056,208.547,0.42375533907650365,2.0705263157894733,0.51,4.7,4.011578947368421,102.0894,0.22225930907198155,4.44,3.22,-2.45,-2.13,-0.49,-2.95,0.32
2007-10-31,19.115652173913045,209.19,0.3083237831280172,1.9518181818181817,0.56,4.7,3.967727272727273,101.8015,-0.2820077304793611,4.98,1.79,-0.05,-2.82,-0.32,0.06,0.32
2007-11-30,25.58238095238095,210.834,0.7858884267890387,2.2465,0.8119999999999999,4.7,3.3365,102.3446,0.5334891922024632,1.09,-4.8,-2.91,-1.09,1.76,-0.36,0.34
2007-12-31,21.651,211.445,0.2898014551732553,2.548,0.9804999999999999,5.0,3.117,102.3803,0.0348821530398391,6.57,-0.87,0.19,-0.48,0.89,-1.07,0.27
2008-01-31,25.816190476190474,212.174,0.3447705076970342,2.7966666666666664,1.2685714285714287,5.0,2.475714285714286,102.2448,-0.13234968055378937,-7.78,-6.32,-0.59,4.02,2.1,2.07,0.21
2008-02-29,25.456,212.687,0.24178268779397882,3.086,1.7645,4.9,1.973,101.8438,-0.3921959845390677,6.13,-3.09,-0.62,-0.71,1.07,-0.98,0.13
2008-03-31,27.103500000000004,213.448,0.3578027806118822,3.3825000000000003,1.893,5.1,1.6170000000000002,101.5336,-0.30458407875589844,4.25,-0.94,0.64,0.34,0.87,0.47,0.17
2008-04-30,21.562727272727273,213.942,0.2314381020201539,3.2922727272727275,1.627727272727273,5.0,2.0472727272727274,100.8785,-0.6452051340639975,-0.31,4.61,-1.2,-0.99,1.84,-2.57,0.18
2008-05-31,18.303333333333335,215.208,0.5917491656617146,3.0490476190476192,1.4342857142857142,5.4,2.4457142857142857,100.2674,-0.6057782381776122,3.38,1.87,3.01,-1.57,0.94,0.14,0.18
2008-06-30,22.11047619047619,217.463,1.04782350098509,2.974285714285714,1.3257142857142856,5.6,2.7738095238095237,100.0335,-0.2332762193893445,12.73,-8.43,1.16,-2.49,4.97,-0.69,0.17
2008-07-31,24.321818181818184,219.016,0.7141444751521009,3.151818181818182,1.4345454545454546,5.8,2.5731818181818182,99.676,-0.3573802776070001,-5.02,-0.75,3.73,5.21,-1.4,0.99,0.15
2008-08-31,20.695714285714285,218.69,-0.14884757278006422,3.2628571428571425,1.4652380952380952,6.1,2.4204761904761902,98.1111,-1.5699867570929893,-4.5,1.53,3.27,1.51,1.82,0.67,0.13
2008-09-30,30.23857142857143,218.877,0.08550916822900323,3.625714285714286,1.61,6.1,2.0761904761904764,93.7895,-4.4048023108496315,0.78,-9.35,0.37,5.65,2.23,1.72,0.15
2008-10-31,61.17739130434782,216.995,-0.8598436564828615,5.0631818181818184,2.2018181818181817,6.5,1.6122727272727273,94.7219,0.9941411352017093,7.84,-17.2,-3.04,-1.92,2.73,1.46,0.08
2008-11-30,62.66894736842105,213.153,-1.7705477084725474,5.685,2.3138888888888887,6.8,1.2127777777777777,93.4715,-1.3200748718089517,7.26,-7.74,-3.97,-6.21,4.65,2.44,0.03
2008-12-31,52.405,211.398,-0.8233522399403226,6.013636363636365,1.5954545454545455,7.3,0.8209090909090908,90.8357,-2.819896973943936,-5.08,1.77,3.3,0.02,0.11,-1.56,0.0
2009-01-31,44.683,211.933,0.2530771341261451,5.6259999999999994,1.7105000000000001,7.8,0.807,88.57,-2.4942836351786957,-2.16,-8.09,-2.12,-11.01,0.32,-1.24,0.0
2009-02-28,45.57052631578947,212.705,0.3642660652187324,5.214736842105263,1.894736842105263,8.3,0.9752631578947369,88.031,-0.6085582025516345,4.34,-10.14,-1.17,-6.59,1.05,-0.6,0.01
2009-03-31,44.79545454545455,212.495,-0.0987282856538485,5.6000000000000005,1.8881818181818182,8.7,0.9313636363636365,86.6528,-1.5655848507912018,-11.8,9.01,0.61,3.47,-2.57,-2.04,0.02
2009-04-30,38.063809523809525,212.709,0.10070825195886979,5.46047619047619,2.0,9.0,0.927142857142857,85.9344,-0.8290557258392117,-34.36,10.17,7.08,5.37,1.32,0.33,0.01
2009-05-31,31.977999999999998,213.022,0.14714939189219844,4.7705,2.3635,9.4,0.9295,85.0665,-1.009956431882919,-12.54,5.2,-2.27,0.43,-0.94,-2.0,0.0
2009-06-30,29.140454545454546,214.79,0.8299612246622345,3.7731818181818184,2.5377272727272726,9.5,1.184090909090909,84.7459,-0.37688161614736204,5.4,0.42,2.28,-2.78,-1.39,-0.36,0.01
2009-07-31,26.162727272727274,214.726,-0.029796545463012247,3.5254545454545454,2.5431818181818184,9.5,1.0190909090909093,85.7027,1.129022170984073,-5.61,7.74,2.3,4.89,-0.26,3.08,0.01
2009-08-31,25.337142857142858,215.445,0.33484533777929926,2.989047619047619,2.4719047619047623,9.6,1.1152380952380954,86.6426,1.0966982370450573,-9.11,3.33,-0.1,7.6,-2.85,3.28,0.01
2009-09-30,24.92666666666667,215.861,0.19308872334005134,2.910952380952381,2.4457142857142857,9.8,0.9561904761904761,87.4063,0.881437075988023,-4.83,4.08,2.72,1.15,1.15,0.34,0.01
2009-10-31,24.252272727272725,216.509,0.3001931798703783,2.9042857142857144,2.4385714285714286,10.0,0.949047619047619,87.6419,0.26954578788944694,2.58,-2.55,-4.85,-4.17,4.22,-1.48,0.0
2009-11-30,23.788999999999998,217.234,0.3348590589767664,2.916842105263158,2.599473684210526,9.9,0.8031578947368421,88.0221,0.4338107685935455,0.39,5.58,-2.76,-0.33,0.9,0.0,0.0
2009-12-31,21.239545454545453,217.347,0.052017639964274665,2.777727272727273,2.7154545454545453,9.9,0.8745454545454545,88.3793,0.4058071779700745,2.97,2.74,6.14,-0.11,0.71,-0.06,0.01
2010-01-31,20.643157894736845,217.488,0.06487322116246474,2.5147368421052634,2.8042105263157895,9.8,0.9289473684210525,89.3426,1.089961110803106,-5.31,-3.35,0.4,0.33,-1.08,0.5,0.0
2010-02-28,22.54,217.281,-0.09517766497462166,2.650526315789474,2.8342105263157897,9.8,0.856842105263158,89.6779,0.3752968908449006,3.7,3.39,1.49,3.18,-0.29,1.42,0.0
2010-03-31,17.767391304347825,217.353,0.03313681361922782,2.5473913043478262,2.7686956521739132,9.9,0.9586956521739131,90.2928,0.6856761810881018,3.58,6.3,1.83,2.19,-0.61,1.74,0.01
2010-04-30,17.424285714285716,217.403,0.023004053314190642,2.4077272727272727,2.786363636363636,9.9,1.0604545454545455,90.5991,0.3392297060230698,3.19,2.0,4.96,2.96,0.61,1.74,0.01
2010-05-31,31.9295,217.29,-0.05197720362644098,2.631,2.5895,9.6,0.8305,91.823,1.3508964217083586,-0.18,-7.9,0.08,-2.48,1.3,-0.23,0.01
2010-06-30,29.916363636363634,217.199,-0.041879515854381655,3.0263636363636364,2.4795454545454545,9.4,0.7245454545454545,91.9928,0.18492098929463463,-2.7,-5.57,-2.42,-4.73,-0.1,-1.58,0.01
2010-07-31,25.565238095238094,217.605,0.18692535416828804,2.9995238095238097,2.394761904761905,9.4,0.6166666666666666,92.3421,0.37970362897965515,1.77,6.92,0.04,-0.49,0.16,2.04,0.01
2010-08-31,24.74590909090909,217.923,0.14613634796996067,2.964090909090909,2.178181818181818,9.5,0.5204545454545455,92.6805,0.3664634007673584,-0.06,-4.77,-3.06,-1.73,0.6,-1.6,0.01
2010-09-30,22.517619047619046,218.275,0.1615249422961318,3.0104761904761905,2.1676190476190476,9.5,0.48,92.9537,0.2947761395331261,1.35,9.55,3.65,-3.02,-0.19,0.38,0.01
2010-10-31,20.37333333333333,219.035,0.348184629481163,3.1755,2.164,9.4,0.376,92.6903,-0.2833668805007239,1.5,3.87,0.73,-2.46,1.28,-0.38,0.01
2010-11-30,20.095714285714287,219.59,0.25338416234848005,3.1574999999999998,2.309,9.8,0.454,92.7709,0.08695624029699811,2.71,0.59,3.54,-0.9,0.32,1.79,0.01
2010-12-31,17.56954545454545,220.472,0.4016576346828282,2.805454545454545,2.6727272727272724,9.3,0.6181818181818182,93.6787,0.9785396067085728,-3.0,6.82,0.97,3.56,-3.42,3.17,0.01
2011-01-31,17.3155,221.187,0.3243042200370194,2.694,2.7794999999999996,9.1,0.6144999999999999,93.4814,-0.21061351192962485,-0.3,1.98,-2.31,0.61,-0.64,0.81,0.01
2011-02-28,17.43,221.898,0.321447463006419,2.571578947368421,2.803684210526316,9.0,0.7726315789473684,93.1102,-0.3970843397723911,1.89,3.48,1.65,1.18,-1.83,0.84,0.01
2011-03-31,20.723478260869566,223.046,0.51735482068338,2.6204347826086956,2.7169565217391307,9.0,0.697391304347826,94.0788,1.040272709112422,3.42,0.46,2.56,-1.84,1.73,-0.07,0.01
2011-04-30,16.244,224.093,0.46940989750992035,2.568,2.7205000000000004,9.1,0.7344999999999999,93.7749,-0.3230270794270296,0.06,2.9,-0.53,-2.44,1.12,-0.86,0.0
2011-05-31,16.91142857142857,224.806,0.3181714734507679,2.6128571428571425,2.6133333333333333,9.0,0.5552380952380952,93.888,0.1206079665240889,-0.58,-1.27,-0.72,-1.85,1.92,-1.43,0.0
2011-06-30,19.153181818181817,224.806,0.0,2.7490909090909095,2.591818181818182,9.1,0.4104545454545454,94.172,0.30248807089297003,1.82,-1.74,0.06,-0.2,2.27,-1.42,0.0
2011-07-31,19.2275,225.395,0.26200368317570444,2.7565,2.5965,9.0,0.40650000000000003,94.636,0.492715456823678,0.17,-2.35,-1.11,-0.9,2.69,-1.73,0.0
2011-08-31,35.02913043478261,226.106,0.3154462166418792,3.058695652173913,2.072608695652174,9.0,0.23043478260869565,95.2749,0.6751130647956405,-0.26,-5.96,-3.09,-2.43,3.41,-0.27,0.01
2011-09-30,36.53,226.597,0.21715478580843772,3.2952380952380955,1.7638095238095237,9.0,0.21142857142857144,95.1961,-0.08270803747891797,-2.36,-7.57,-3.49,-1.53,1.99,0.15,0.0
2011-10-31,32.829047619047614,226.75,0.0675207527019328,3.2195,1.8715,8.8,0.2805,95.8568,0.6940410373954542,-1.45,11.34,3.25,0.06,-2.25,-0.72,0.0
2011-11-30,31.94190476190476,227.169,0.18478500551268873,3.1245000000000003,1.7600000000000002,8.6,0.2535,95.8485,-0.008658749301049262,3.85,-0.27,-0.3,-0.52,1.94,1.44,0.0
2011-12-31,25.047619047619047,227.223,0.023770849015480877,3.2723809523809524,1.720952380952381,8.5,0.2571428571428572,96.3571,0.5306290656609036,1.83,0.75,-0.29,1.54,1.06,2.47,0.0
2012-01-31,20.228,227.842,0.27241960540966836,3.2619999999999996,1.7260000000000002,8.3,0.2405,96.9318,0.596427248225595,-8.01,5.05,2.02,-0.93,-2.06,-1.48,0.0
2012-02-29,18.4205,228.329,0.21374461249461518,3.1745,1.6895,8.3,0.27799999999999997,97.2435,0.32156629712849494,-0.26,4.4,-1.67,0.42,-0.36,-0.07,0.0
2012-03-31,16.167272727272728,228.807,0.20934703870292282,3.0604545454545455,1.8281818181818181,8.2,0.34454545454545454,96.74,-0.5177723960984593,1.32,3.11,-0.48,1.19,-0.61,0.69,0.0
2012-04-30,17.823,229.187,0.16607883500068255,3.1409523809523807,1.7609523809523808,8.2,0.2919047619047619,97.4359,0.7193508372958624,3.78,-0.84,-0.5,-0.77,1.3,0.65,0.0
2012-05-31,21.001818181818184,228.713,-0.2068180132381081,3.2654545454545456,1.518181818181818,8.2,0.28500000000000003,97.6609,0.23092104655471068,6.45,-6.17,-0.08,-0.95,2.03,2.35,0.01
2012-06-30,21.13095238095238,228.524,-0.08263631713106845,3.3980952380952383,1.3304761904761906,8.2,0.2919047619047619,97.6663,0.005529336715115463,-1.11,3.9,0.9,0.55,-1.06,0.44,0.0
2012-07-31,17.565238095238094,228.59,0.02888099280600187,3.3452380952380953,1.2785714285714287,8.2,0.2480952380952381,97.8713,0.2098983989359704,3.0,0.79,-2.81,-0.06,1.03,0.01,0.0
2012-08-31,15.689565217391305,229.918,0.580952797585188,3.2291304347826086,1.4095652173913045,8.1,0.26869565217391306,97.4525,-0.42790889668371523,-2.34,2.54,0.43,1.25,-1.5,-0.85,0.01
2012-09-30,15.284736842105264,231.015,0.47712662775423187,3.1184210526315788,1.4678947368421054,7.8,0.25526315789473686,97.381,-0.07336907724275754,-1.14,2.73,0.57,1.63,-1.3,1.57,0.01
2012-10-31,16.276190476190475,231.638,0.26967945804385884,2.8380952380952382,1.469047619047619,7.8,0.27714285714285714,97.7193,0.3473983631303801,0.07,-1.76,-0.83,3.52,-1.4,2.52,0.01
2012-11-30,16.701904761904764,231.249,-0.16793444944266378,2.8565,1.386,7.7,0.268,98.0777,0.3667648049054728,0.53,0.78,0.4,-0.87,0.38,0.81,0.01
2012-12-31,17.307,231.221,-0.012108160467716456,2.9085,1.462,7.9,0.257,98.3101,0.2369549856899411,-2.93,1.18,1.91,3.52,-1.72,0.8,0.01
2013-01-31,13.505238095238095,231.679,0.1980788942180789,2.8195238095238095,1.6495238095238096,8.0,0.2652380952380953,98.3342,0.024514266591113554,-1.77,5.57,0.42,1.01,-2.01,1.52,0.0
2013-02-28,14.072631578947368,232.937,0.5429926752100966,2.8626315789473686,1.7168421052631577,7.7,0.2673684210526316,98.7941,0.46769079323369933,1.24,1.29,-0.24,0.18,-0.59,0.6,0.0
2013-03-31,13.0315,232.282,-0.28119191025899326,2.897,1.7015,7.5,0.256,99.1921,0.40285806541078273,1.91,4.03,0.88,-0.21,0.27,1.41,0.0
2013-04-30,13.967272727272727,231.797,-0.2087979266581219,2.8318181818181816,1.526818181818182,7.6,0.2322727272727273,99.1065,-0.08629719503872035,0.19,1.56,-2.25,0.46,0.39,0.42,0.0
2013-05-31,13.493636363636364,231.893,0.041415548950163306,2.7977272727272724,1.6777272727272725,7.5,0.25045454545454543,99.1839,0.07809780387764143,-2.01,2.81,2.03,2.71,-2.0,-0.94,0.0
2013-06-30,17.2715,232.445,0.23804082055085551,2.8899999999999997,1.9665,7.5,0.3335,99.3897,0.20749335325593865,0.58,-1.2,1.54,-0.04,-0.28,-0.06,0.0
2013-07-31,13.974545454545455,232.9,0.19574523005443378,2.7404545454545453,2.2413636363636367,7.3,0.3409090909090909,99.0814,-0.31019310854143445,1.75,5.65,1.76,0.57,-1.34,0.58,0.0
2013-08-31,14.21,233.456,0.23872906826962748,2.6872727272727275,2.380909090909091,7.2,0.3563636363636364,99.6543,0.5782114503832148,0.05,-2.71,-0.03,-2.73,0.71,-2.17,0.0
2013-09-30,14.692000000000002,233.544,0.037694469193350066,2.6559999999999997,2.4055,7.2,0.404,100.161,0.5084577384016464,3.04,3.77,2.65,-1.18,-0.54,-1.32,0.0
2013-10-31,15.407826086956522,233.669,0.053523104853914205,2.6922727272727274,2.2804545454545457,7.2,0.33545454545454545,100.082,-0.07887301444674533,0.07,4.17,-1.5,1.22,2.75,0.89,0.0
2013-11-30,12.924000000000001,234.1,0.18444894273523804,2.665263157894737,2.4147368421052633,6.9,0.3036842105263158,100.3158,0.23360844107831458,0.36,3.12,1.44,0.19,0.26,0.06,0.0
2013-12-31,14.192380952380953,234.719,0.2644169158479315,2.4823809523809524,2.5619047619047617,6.7,0.33999999999999997,100.5175,0.20106503661436737,0.02,2.8,-0.44,0.0,-0.58,0.08,0.0
2014-01-31,14.24095238095238,235.288,0.24241752904536895,2.334761904761905,2.4642857142857144,6.6,0.3938095238095238,100.1599,-0.35575894744697134,1.64,-3.3,0.6,-1.99,-3.91,-1.54,0.0
2014-02-28,15.47,235.547,0.11007786202441583,2.3899999999999997,2.382631578947368,6.7,0.3268421052631579,100.9168,0.7556916490531584,2.16,4.68,0.13,-0.35,-0.25,-0.54,0.0
2014-03-31,14.836666666666666,236.028,0.204205530106516,2.340952380952381,2.3242857142857143,6.7,0.3990476190476191,101.8942,0.9685206031106786,-3.27,0.41,-1.13,4.9,2.02,1.92,0.0
2014-04-30,14.19809523809524,236.468,0.18641856050976013,2.199047619047619,2.288095238095238,6.2,0.41714285714285715,101.9928,0.0967670387519659,-3.89,-0.19,-4.07,1.22,3.4,0.93,0.0
2014-05-31,12.475238095238096,236.918,0.19030059035471947,2.203809523809524,2.17,6.3,0.38904761904761903,102.3836,0.3831643017938591,0.88,2.04,-1.86,-0.1,-0.09,-0.96,0.0
2014-06-30,11.541428571428572,237.231,0.1321132206079767,2.2,2.146190476190476,6.1,0.4523809523809524,102.735,0.3432190311729588,0.65,2.61,3.06,-0.71,-1.83,-1.91,0.0
2014-07-31,12.296363636363635,237.498,0.11254852864928111,2.1922727272727274,2.0359090909090907,6.2,0.5063636363636363,102.9632,0.22212488441135658,-0.2,-2.03,-4.19,-0.08,0.94,0.51,0.0
2014-08-31,13.491904761904761,237.46,-0.01600013473797013,2.2704761904761903,1.9476190476190476,6.1,0.4723809523809524,102.7688,-0.1888053207359519,0.84,4.24,0.29,-0.58,-0.64,-0.69,0.0
2014-09-30,13.466666666666667,237.477,0.007159100480080838,2.268095238095238,1.9676190476190476,5.9,0.5666666666666667,103.0641,0.28734401880725624,0.64,-1.96,-3.66,-1.47,1.2,-0.59,0.0
2014-10-31,18.058695652173913,237.43,-0.019791390324119806,2.3836363636363633,1.8586363636363636,5.7,0.4454545454545455,103.0764,0.011934320486006733,-0.27,2.51,3.63,-1.67,-0.39,0.21,0.0
2014-11-30,13.413157894736841,236.983,-0.18826601524659647,2.4594444444444448,1.7983333333333331,5.8,0.5272222222222223,103.7126,0.6172120873449094,0.69,2.56,-2.3,-3.13,1.57,0.14,0.0
2014-12-31,16.292272727272728,236.252,-0.30846094445592387,2.5304545454545457,1.5718181818181818,5.6,0.6354545454545455,103.7044,-0.00790646459541966,1.05,-0.05,2.83,2.11,-1.21,0.9,0.0
2015-01-31,19.1195,234.747,-0.6370316441765556,2.573,1.33,5.7,0.5515000000000001,102.8905,-0.7848268733052777,3.72,-3.09,-0.95,-3.48,1.58,-1.64,0.0
2015-02-28,15.90421052631579,235.342,0.25346436802173855,2.531578947368421,1.3563157894736841,5.5,0.6189473684210526,102.2335,-0.6385429169845525,-2.87,6.14,0.39,-1.75,-1.1,-1.75,0.0
2015-03-31,14.812727272727273,235.976,0.26939517808124425,2.4963636363636366,1.4022727272727273,5.4,0.6404545454545455,101.8914,-0.33462612548724735,2.72,-1.09,3.08,-0.38,0.07,-0.62,0.0
2015-04-30,13.494761904761905,236.222,0.10424788961589382,2.549090909090909,1.395,5.4,0.54,101.3355,-0.5455808831756226,-7.26,0.6,-3.0,1.81,0.05,-0.62,0.0
2015-05-31,13.3385,237.001,0.3297745341246827,2.691,1.5885,5.6,0.609,100.8883,-0.44130635364704185,5.76,1.38,0.83,-1.1,-1.75,-0.83,0.0
2015-06-30,14.339545454545457,237.657,0.27679208104607333,2.7618181818181817,1.675,5.3,0.6886363636363636,100.571,-0.3145062410606636,3.01,-1.54,2.92,-0.8,0.35,-1.54,0.0
2015-07-31,14.352727272727272,238.034,0.15863197801873063,2.877272727272727,1.656818181818182,5.2,0.6677272727272727,101.2228,0.6480993526961187,10.04,1.57,-4.58,-4.16,0.31,-2.45,0.0
2015-08-31,19.42809523809524,238.033,-0.000420108051790713,3.020952380952381,1.4695238095238095,5.1,0.6976190476190476,101.0367,-0.1838518594625027,-2.15,-6.02,0.29,2.75,0.66,1.28,0.0
2015-09-30,24.377142857142857,237.498,-0.22475875193775918,3.1680952380952383,1.4595238095238094,5.0,0.7133333333333334,100.7547,-0.27910650288459626,5.26,-3.06,-2.8,0.55,1.8,-0.58,0.0
2015-10-31,16.789545454545454,237.733,0.09894820166906904,3.2714285714285714,1.4252380952380952,5.0,0.6447619047619048,100.2675,-0.4835506432950498,-3.29,7.75,-2.06,-0.46,0.95,0.62,0.0
2015-11-30,16.21,238.017,0.11946174910508756,3.194736842105263,1.378421052631579,5.1,0.884736842105263,99.5298,-0.7357319171217069,2.3,0.57,3.29,-0.43,-2.65,-1.1,0.0
2015-12-31,18.025454545454547,237.761,-0.10755534268560574,3.2122727272727274,1.26,5.0,0.9827272727272728,99.0417,-0.490405888487655,3.33,-2.15,-2.95,-2.57,0.34,0.13,0.01
2016-01-31,23.717894736842105,237.652,-0.04584435630738959,3.3626315789473686,1.1857894736842105,4.8,0.8994736842105263,99.5607,0.5240216999506275,1.48,-5.74,-3.44,2.08,2.78,3.05,0.01
2016-02-29,22.517,237.336,-0.13296753235823022,3.559,1.046,4.9,0.7335,99.0445,-0.5184776724149187,-4.36,-0.07,0.87,-0.61,3.3,1.97,0.02
2016-03-31,15.84909090909091,238.08,0.31347962382444194,3.244545454545454,1.014090909090909,5.0,0.875,98.3096,-0.7419897116952456,-5.04,6.95,1.01,1.23,0.68,0.06,0.02
2016-04-30,14.300476190476191,238.992,0.38306451612901693,2.98,1.0371428571428571,5.1,0.768095238095238,98.6421,0.33821722395370735,-5.99,0.91,1.23,3.22,-2.85,1.74,0.01
2016-05-31,14.852857142857141,239.557,0.23640958693178504,2.8704761904761904,0.99,4.8,0.8161904761904762,98.4184,-0.22677943798843359,1.39,1.78,-0.62,-1.62,-1.1,-2.54,0.01
2016-06-30,17.774545454545457,240.222,0.2775957287827202,2.880909090909091,0.9127272727272728,4.9,0.7313636363636363,98.8833,0.4723710200531528,4.14,-0.03,0.42,-1.49,1.45,1.9,0.02
2016-07-31,13.1585,240.101,-0.05037007434789409,2.7145,0.8314999999999999,4.8,0.6725,98.9992,0.11720887146766668,-3.38,3.94,2.49,-1.27,1.34,-1.18,0.02
2016-08-31,12.399565217391304,240.545,0.18492217858316895,2.6839130434782605,0.8191304347826087,4.9,0.7373913043478261,98.85,-0.15070828855183738,-3.46,0.49,1.68,3.17,-1.84,-0.39,0.02
2016-09-30,14.21952380952381,241.176,0.26232097944252075,2.680952380952381,0.8595238095238096,5.0,0.7709523809523811,98.7457,-0.10551340414769461,0.23,0.27,1.81,-1.22,-2.22,0.02,0.02
2016-10-31,14.585238095238097,241.741,0.23426874979268764,2.612,0.9215,4.9,0.843,98.7611,0.015595615809083085,0.62,-2.01,-4.04,4.1,0.96,0.28,0.02
2016-11-30,15.236190476190476,242.026,0.11789477167711837,2.566,1.1625,4.7,0.9795,98.3491,-0.417168298044468,-4.74,4.85,6.97,8.32,-0.17,3.7,0.01
2016-12-31,12.472380952380954,242.637,0.2524522158776188,2.335238095238095,1.2952380952380953,4.7,1.1966666666666665,99.0214,0.6835853098808187,-0.26,1.81,0.44,3.5,1.26,-0.32,0.03
2017-01-31,11.6085,243.618,0.4043076694815628,2.228,1.226,4.7,1.2065,98.7611,-0.2628724699913376,-0.92,1.94,-1.44,-2.74,-0.5,-1.07,0.04
2017-02-28,11.530526315789475,244.006,0.15926573570097524,2.2221052631578946,1.2178947368421054,4.6,1.2010526315789474,98.3646,-0.4014738596471723,-1.53,3.55,-2.29,-1.52,0.42,-1.81,0.04
2017-03-31,11.89782608695652,243.892,-0.04672016261895173,2.2,1.168695652173913,4.4,1.3130434782608695,99.0137,0.6598918716692825,-0.96,0.17,0.75,-3.33,0.64,-0.96,0.03
2017-04-30,13.136315789473684,244.193,0.12341528217407749,2.272105263157895,1.0563157894736843,4.4,1.2410526315789472,100.0224,1.01874791064267,0.51,1.08,0.42,-2.08,1.78,-1.61,0.05
2017-05-31,10.862272727272726,244.004,-0.07739779600562935,2.245909090909091,1.0018181818181817,4.4,1.3018181818181818,100.1408,0.11837348433949568,1.49,1.07,-2.99,-3.82,0.99,-1.67,0.06
2017-06-30,10.513636363636364,244.163,0.0651628661825221,2.183181818181818,0.8445454545454546,4.3,1.3422727272727273,100.3471,0.20600993800727885,-0.11,0.78,2.54,1.51,-2.27,0.01,0.06
2017-07-31,10.2645,244.243,0.03276499715354486,2.0715,0.9455,4.3,1.3725,100.1068,-0.23946880378206137,1.64,1.88,-1.64,-0.23,-0.75,-0.15,0.07
2017-08-31,11.975652173913044,245.183,0.38486261632881824,2.1008695652173914,0.8739130434782609,4.4,1.335217391304348,99.6925,-0.41385799965637515,3.36,0.18,-1.83,-2.13,0.2,-2.38,0.09
2017-09-30,10.437999999999999,246.435,0.5106389920997767,2.1015,0.8175000000000001,4.3,1.3845,99.7954,0.10321739348497783,-1.34,2.49,4.76,3.15,-1.54,1.64,0.09
2017-10-31,10.125454545454545,246.626,0.07750522450138408,1.9557142857142857,0.8104761904761905,4.2,1.5495238095238095,101.0247,1.231820304342679,4.24,2.25,-1.91,0.13,0.92,-3.14,0.09
2017-11-30,10.54047619047619,247.284,0.2668007428251684,1.9154999999999998,0.6566666666666666,4.2,1.6966666666666668,101.2664,0.23924842142566405,-0.91,3.12,-0.37,-0.09,3.19,-0.1,0.08
2017-12-31,10.2645,247.805,0.21068892447551058,1.8210000000000002,0.5585,4.1,1.844,101.4644,0.19552388551384858,-1.57,1.06,-1.05,0.05,0.73,1.79,0.09
2018-01-31,11.062380952380952,248.859,0.42533443635115464,1.6723809523809523,0.5519047619047619,4.0,2.031904761904762,101.4625,-0.0018725779682204902,4.06,5.58,-3.21,-1.32,-0.75,-1.05,0.11
2018-02-28,22.464736842105264,249.529,0.26922876006090224,1.65,0.6836842105263158,4.1,2.1752631578947366,101.7085,0.24245410866083894,3.6,-3.64,0.34,-1.1,0.53,-2.36,0.11
2018-03-31,19.023809523809526,249.577,0.0192362410782021,1.7976190476190477,0.5666666666666667,4.0,2.275714285714286,102.2067,0.4898312333777355,-1.21,-2.35,3.61,-0.21,-0.42,0.08,0.12
2018-04-30,18.267619047619046,250.227,0.2604406656061986,1.8000000000000003,0.4847619047619047,4.0,2.3842857142857143,103.3329,1.1018847101021745,0.45,0.29,0.89,0.53,-2.41,1.24,0.14
2018-05-31,14.124545454545455,250.792,0.2257949781598212,1.8477272727272727,0.4659090909090909,3.8,2.5118181818181817,102.4024,-0.9004876472062606,3.91,2.63,4.71,-3.14,-1.98,-1.49,0.14
2018-06-30,13.678095238095239,251.018,0.09011451720948305,1.9223809523809523,0.379047619047619,4.0,2.5333333333333337,103.198,0.7769349155879013,-2.29,0.49,0.77,-2.33,0.83,0.2,0.14
2018-07-31,13.147619047619049,251.214,0.07808204989283585,1.9023809523809525,0.28238095238095234,3.8,2.606666666666667,103.3646,0.1614372371557593,-1.43,3.2,-1.91,0.47,1.54,0.32,0.16
2018-08-31,12.54695652173913,251.663,0.17873207703393845,1.8769565217391304,0.2534782608695652,3.8,2.6356521739130434,104.0327,0.6463528132455432,5.33,3.46,0.67,-3.93,-0.34,-2.54,0.16
2018-09-30,12.910526315789474,252.182,0.2062281702117419,1.8794736842105264,0.23631578947368423,3.7,2.7678947368421056,104.1004,0.06507569254665668,-0.1,0.06,-2.49,-1.68,0.64,1.37,0.15
2018-10-31,19.35217391304348,252.772,0.2339580144498754,1.913181818181818,0.2913636363636364,3.8,2.860909090909091,103.9856,-0.11027815455079137,-2.0,-7.64,-4.36,3.43,0.94,3.56,0.19
2018-11-30,19.38904761904762,252.594,-0.07041919199911595,2.107,0.258,3.8,2.859,104.0681,0.0793379083257717,-1.42,1.71,-0.81,0.34,-0.62,0.39,0.18
2018-12-31,24.953157894736844,252.767,0.06848935445813442,2.3010526315789472,0.1563157894736842,3.9,2.6763157894736844,104.0936,0.02450318589461986,1.75,-9.55,-2.83,-1.88,-0.04,0.22,0.19
2019-01-31,19.57238095238095,252.561,-0.08149798035343991,2.4061904761904764,0.17047619047619048,4.0,2.543333333333333,103.4021,-0.6643059707801324,-8.64,8.36,2.88,-0.4,-0.67,-1.61,0.21
2019-02-28,15.234736842105262,253.319,0.3001255142321968,2.2710526315789474,0.17210526315789473,3.8,2.504210526315789,102.8371,-0.5464105661296959,0.76,3.42,1.73,-2.66,0.15,-1.5,0.18
2019-03-31,14.485238095238095,254.277,0.37817929172307974,2.264761904761905,0.16142857142857142,3.8,2.4095238095238094,102.8757,0.037535091907470175,2.27,1.1,-3.54,-4.16,0.94,-0.91,0.19
2019-04-30,12.949047619047619,255.233,0.3759679404743643,2.170952380952381,0.18761904761904763,3.7,2.344761904761905,102.274,-0.584880588904857,-2.91,3.97,-1.11,2.13,1.57,-2.19,0.21
2019-05-31,16.721818181818183,255.296,0.02468332856644384,2.2331818181818184,0.18863636363636366,3.6,2.2063636363636365,102.392,0.1153763419832865,7.56,-6.92,-1.51,-2.36,-0.51,1.75,0.21
2019-06-30,15.836000000000002,255.213,-0.03251128102280676,2.3865,0.26,3.6,1.814,102.4375,0.04443706539574155,-2.26,6.99,0.19,-0.72,0.49,-0.51,0.18
2019-07-31,13.305909090909092,255.802,0.23078761661827762,2.22,0.2240909090909091,3.7,1.8350000000000002,101.9408,-0.4848810250152602,2.93,1.22,-1.82,0.5,-0.13,0.37,0.19
2019-08-31,18.97909090909091,256.036,0.09147700174354512,2.247272727272727,0.055,3.6,1.5713636363636363,102.639,0.6849073187575438,7.47,-2.55,-3.25,-4.77,0.53,-0.62,0.16
2019-09-30,15.559000000000001,256.43,0.1538846099767177,2.215,0.051500000000000004,3.5,1.6480000000000001,102.2917,-0.3383704050117342,-6.74,1.42,0.29,6.76,1.82,3.38,0.18
2019-10-31,15.466521739130435,257.155,0.2827282299262768,2.2181818181818183,0.15545454545454546,3.6,1.5513636363636365,101.4281,-0.8442522707120981,0.13,2.07,0.25,-1.92,0.43,-1.03,0.15
2019-11-30,12.5235,257.879,0.281542260504386,2.128947368421053,0.19947368421052633,3.6,1.6126315789473684,101.9372,0.5019319103877651,-2.61,3.87,0.39,-2.0,-1.64,-1.14,0.12
2019-12-31,13.756666666666666,258.63,0.29122185210892493,2.0157142857142856,0.24952380952380954,3.6,1.6133333333333335,101.7003,-0.23239798621111918,-2.24,2.76,0.99,1.73,0.05,1.19,0.14
2020-01-31,13.94095238095238,259.127,0.19216641534238743,2.0142857142857142,0.23857142857142857,3.6,1.5190476190476192,101.0338,-0.6553569655153413,6.02,-0.09,-4.37,-6.22,-1.19,-2.19,0.13
2020-02-29,19.628947368421052,259.25,0.04746707213065804,2.106842105263158,0.1731578947368421,3.5,1.3310526315789473,101.3735,0.3362241150981271,-0.25,-8.15,0.08,-3.82,-1.43,-2.53,0.12
2020-03-31,57.73681818181819,258.076,-0.4528447444551498,3.4181818181818184,0.42181818181818187,4.4,0.4481818181818182,97.4078,-3.9119691043517424,8.2,-13.35,-8.18,-13.83,-1.61,1.19,0.12
2020-04-30,41.453809523809525,256.032,-0.7920147553434065,3.4695238095238095,0.43285714285714283,14.8,0.2247619047619048,84.5619,-13.187752931490081,-5.61,13.58,2.57,-1.34,2.76,-1.02,0.0
2020-05-31,30.897000000000002,255.802,-0.08983252093487382,3.28,0.5035000000000001,13.2,0.1705,85.9604,1.6538180906531252,0.15,5.59,1.92,-5.0,0.96,-3.16,0.01
2020-06-30,31.119545454545456,257.042,0.4847499237691677,2.9131818181818185,0.5436363636363637,11.0,0.18500000000000003,91.5934,6.553017435935615,-0.87,2.44,1.95,-2.17,0.14,0.55,0.01
2020-07-31,26.840454545454545,258.352,0.5096443382793581,2.6895454545454545,0.4754545454545455,10.2,0.1481818181818182,95.0256,3.7472132271539227,7.7,5.83,-3.19,-1.44,0.38,0.97,0.01
2020-08-31,22.88952380952381,259.316,0.3731343283582156,2.624285714285714,0.5104761904761905,8.4,0.13952380952380952,95.9549,0.9779469953359987,0.43,7.62,-0.89,-3.02,4.27,-1.51,0.01
2020-09-30,27.64761904761905,259.997,0.2626139536318739,2.684761904761905,0.5447619047619048,7.8,0.13476190476190478,95.9669,0.0125058751559326,3.18,-3.64,-0.01,-2.72,-1.38,-1.93,0.01
2020-10-31,29.438636363636363,260.319,0.1238475828567287,2.6523809523809527,0.6376190476190476,6.9,0.14952380952380953,96.7394,0.8049650452395696,-3.1,-2.08,4.67,4.25,-0.77,-0.57,0.01
2020-11-30,24.9955,260.911,0.2274132890799363,2.4257894736842105,0.7042105263157895,6.7,0.16578947368421051,97.0816,0.3537338457753503,-12.6,12.44,7.12,2.09,-2.25,1.28,0.01
2020-12-31,22.37409090909091,262.045,0.4346309661148906,2.2304545454545455,0.7977272727272727,6.7,0.13590909090909092,98.363,1.319920561671828,-2.26,4.63,4.93,-1.68,-1.97,-0.06,0.01
2021-01-31,24.91,262.687,0.24499608845809373,2.1626315789473685,0.9500000000000001,6.4,0.1310526315789474,98.8822,0.5278407531287055,4.34,-0.07,6.81,3.22,-3.65,4.97,0.0
2021-02-28,23.140526315789476,263.579,0.33956762230333837,2.1631578947368424,1.1426315789473684,6.2,0.11526315789473685,95.6149,-3.3042347358776314,-7.99,2.81,4.5,7.2,0.33,-1.99,0.0
2021-03-31,21.84304347826087,264.961,0.524320981565296,2.1317391304347826,1.463913043478261,6.1,0.14695652173913046,98.3856,2.8977701174189185,-6.1,3.16,-0.84,7.35,6.35,3.52,0.0
2021-04-30,17.416190476190476,266.614,0.6238653990587206,1.9723809523809526,1.471818181818182,6.1,0.16318181818181818,98.5587,0.17594038151924618,1.22,4.97,-3.16,-1.02,2.43,-2.72,0.0
2021-05-31,19.7605,268.383,0.6635060424433847,1.9989999999999999,1.466,5.8,0.155,99.4333,0.8873899513690775,0.56,0.29,1.27,7.04,2.34,3.01,0.0
2021-06-30,16.956818181818182,270.654,0.8461787818155431,1.9259090909090908,1.3163636363636364,5.9,0.20272727272727273,99.7987,0.3674825234604384,2.07,2.73,-0.3,-7.86,-2.14,-0.93,0.0
2021-07-31,17.603333333333335,271.903,0.4614747980816958,1.926190476190476,1.099047619047619,5.4,0.21952380952380954,100.2519,0.4541141317472075,-2.18,1.34,-4.55,-1.8,5.5,-0.58,0.0
2021-08-31,17.472727272727273,272.676,0.2842925602144719,1.9563636363636363,1.0659090909090911,5.1,0.21727272727272728,100.0437,-0.2076768619846625,2.63,2.95,-0.66,-0.23,-0.26,-1.72,0.0
2021-09-30,19.824761904761903,273.91,0.4525517463950024,1.8552380952380954,1.1338095238095238,4.7,0.24095238095238097,98.8579,-1.1852820317521218,1.43,-4.4,1.12,5.12,-1.92,2.0,0.0
2021-10-31,17.871428571428574,276.55,0.9638202329232071,1.7705000000000002,1.19,4.5,0.39249999999999996,100.1861,1.3435446231408799,3.31,6.63,-2.7,-0.53,1.71,-1.54,0.0
2021-11-30,18.50047619047619,278.919,0.8566262881938069,1.7235,1.0515,4.1,0.508,100.8654,0.678038170963835,0.96,-1.58,-1.7,-0.37,7.19,1.7,0.0
2021-12-31,21.354545454545455,280.845,0.6905230550805275,1.8338095238095238,0.785,3.9,0.68,100.5726,-0.2902878489551397,-2.4,3.24,-0.78,3.25,4.88,4.29,0.01
2022-01-31,23.181,282.543,0.6046039630400957,1.8210000000000002,0.7835,4.0,0.9804999999999999,100.1856,-0.3847966543571557,-2.43,-6.15,-4.01,12.86,0.77,7.73,0.0
2022-02-28,25.748421052631578,284.5,0.6926379347568234,2.033684210526316,0.49894736842105264,3.9,1.4352631578947368,100.8064,0.6196499297304259,1.62,-2.28,2.86,3.06,-2.03,3.03,0.0
2022-03-31,26.968695652173913,287.674,1.115641476274165,2.166086956521739,0.21826086956521737,3.7,1.9095652173913045,101.3907,0.5796258967684542,2.92,3.08,-2.11,-1.9,-1.5,3.21,0.0
2022-04-30,24.3735,288.561,0.30833512934780316,1.9114999999999998,0.20950000000000002,3.7,2.538,101.44,0.0486237889668395,4.98,-9.41,-0.35,6.18,3.41,5.92,0.0
2022-05-31,29.313636363636363,291.298,0.9484996239963239,2.218571428571429,0.2814285714285714,3.6,2.6166666666666667,101.3335,-0.10498817034699792,2.52,-0.33,-0.03,8.44,1.55,3.95,0.03
2022-06-30,28.23318181818182,294.957,1.2561019986405686,2.124285714285714,0.14523809523809525,3.6,2.998095238095238,101.018,-0.31134817212471466,1.06,-8.4,1.33,-6.0,1.76,-4.58,0.06
2022-07-31,24.995238095238093,294.913,-0.014917428642136077,2.3175,-0.13999999999999999,3.5,3.036,101.223,0.2029341305509913,-4.41,9.57,1.81,-4.13,0.8,-6.85,0.08
2022-08-31,22.169565217391302,295.097,0.062391281496565476,2.254782608695652,-0.3521739130434782,3.6,3.25,101.0963,-0.12516918091738383,1.89,-3.77,1.49,0.18,-4.74,1.34,0.19
2022-09-30,27.34181818181818,296.349,0.42426727482827165,2.1747619047619047,-0.3376190476190476,3.5,3.8566666666666665,101.2918,0.19337997533044327,3.71,-9.34,-0.98,0.03,-1.34,-0.76,0.19
2022-10-31,30.005714285714287,298.007,0.5594754832984217,2.277,-0.3915,3.6,4.375,101.2529,-0.03840389843995373,3.94,7.86,1.82,7.97,3.28,6.42,0.23
2022-11-30,23.29909090909091,298.786,0.2614032556282231,2.1745,-0.6125,3.6,4.5035,100.9552,-0.29401627015126497,-1.71,4.69,-2.75,1.48,6.29,3.16,0.29
2022-12-31,21.784285714285716,298.832,0.01539563433359259,1.9776190476190476,-0.6723809523809524,3.5,4.288571428571428,99.7664,-1.1775520230755787,4.94,-6.38,-0.2,1.34,0.35,4.29,0.33
2023-01-31,20.16904761904762,300.42,0.5314022594635093,1.9705,-0.6759999999999999,3.5,4.2075000000000005,100.505,0.7403294095005952,-16.21,6.6,4.4,-3.94,-2.44,-4.41,0.35
2023-02-28,20.1205,301.45,0.3428533386591992,1.8473684210526315,-0.7868421052631579,3.6,4.5336842105263155,100.6416,0.13591363613749685,0.52,-2.57,0.58,-0.8,0.99,-1.5,0.34
2023-03-31,21.644347826086957,301.821,0.12307181953890023,2.051304347826087,-0.6395652173913043,3.5,4.302608695652173,101.0205,0.3764844756045216,-2.38,2.49,-6.89,-9.05,2.27,-2.1,0.36
2023-04-30,17.817894736842106,302.845,0.3392739405144063,2.0694736842105264,-0.5559999999999999,3.4,4.016,101.253,0.23015130592305422,1.75,0.63,-2.57,-0.12,2.41,2.85,0.35
2023-05-31,17.63608695652174,303.334,0.1614687381333635,2.192727272727273,-0.5581818181818181,3.6,4.131818181818182,100.9286,-0.32038556882264535,-0.88,0.33,-0.43,-7.79,-1.78,-7.06,0.36
2023-06-30,14.003181818181817,304.014,0.224175331482801,2.0061904761904765,-0.8914285714285713,3.6,4.639523809523809,100.1196,-0.8015567440745164,-2.71,6.46,1.27,-0.13,2.31,-1.55,0.4
2023-07-31,13.932380952380951,304.609,0.1957146710348745,1.842,-0.9289999999999999,3.5,4.8285,100.9067,0.786159752935478,-3.99,3.21,2.88,4.06,-0.61,0.5,0.45
2023-08-31,15.85391304347826,306.082,0.4835707415079771,1.8495652173913044,-0.7339130434782608,3.7,4.901739130434782,100.8393,-0.06679437539827138,3.9,-2.36,-3.66,-1.15,3.33,-2.22,0.45
2023-09-30,15.173333333333332,307.276,0.3900915440960384,1.777,-0.643,3.7,5.022,101.0211,0.18028685244741993,0.25,-5.23,-1.76,1.5,1.86,-0.86,0.43
2023-10-31,18.887727272727272,307.696,0.13668493471667986,1.8314285714285714,-0.26952380952380955,3.9,5.067619047619048,100.4689,-0.5466184787138562,1.69,-3.15,-4.03,0.22,2.42,-0.72,0.47
2023-11-30,14.01909090909091,308.148,0.14689823722116024,1.789047619047619,-0.3795238095238095,3.7,4.882380952380952,100.8639,0.39315648922202406,2.59,8.88,-0.18,1.66,-3.72,-1.22,0.44
2023-12-31,12.7185,308.741,0.1924399963653789,1.6219999999999999,-0.437,3.8,4.457,100.6031,-0.25856624619908786,-5.5,4.85,7.25,4.87,-2.96,1.19,0.43
2024-01-31,13.388636363636364,309.698,0.30996854969052023,1.619047619047619,-0.2647619047619048,3.7,4.322857142857143,99.2223,-1.3725223179007373,5.46,0.73,-5.69,-2.37,0.66,-1.01,0.47
2024-02-29,13.980476190476189,310.967,0.40975401843086345,1.5585,-0.3365,3.9,4.544,100.285,1.0710293956096573,5.01,5.07,-0.83,-3.43,-2.02,-2.28,0.42
2024-03-31,13.7875,312.345,0.4431338373525273,1.5450000000000002,-0.3795,3.9,4.588,100.4575,0.17200977214937296,-0.32,2.84,-1.2,4.16,1.33,1.04,0.43
2024-04-30,16.137727272727275,313.023,0.21706766556210955,1.4631818181818181,-0.33409090909090905,3.9,4.873181818181818,100.2434,-0.2131249533384838,-0.43,-4.65,-2.58,-0.45,1.16,-0.38,0.47
2024-05-31,13.058695652173913,313.175,0.04855873210594108,1.468181818181818,-0.3740909090909091,3.9,4.856363636363636,100.863,0.6180955554181189,1.45,4.32,0.58,-1.33,3.2,-2.98,0.44
2024-06-30,12.667,313.044,-0.041829647960411886,1.5142105263157895,-0.431578947368421,4.1,4.7368421052631575,100.894,0.030734759029571457,0.86,2.8,-4.33,-3.36,0.55,-1.69,0.41
2024-07-31,14.373913043478263,313.569,0.16770805381991494,1.5881818181818181,-0.24727272727272728,4.2,4.495909090909091,99.9757,-0.9101631415148637,-2.36,1.22,8.33,5.57,0.26,0.27,0.45
2024-08-31,19.312272727272727,314.062,0.1572221743858515,1.7336363636363636,-0.09454545454545454,4.2,3.9654545454545453,100.4309,0.45531064048562886,4.86,1.61,-3.57,-1.13,0.75,0.79,0.48
2024-09-30,17.663333333333334,314.732,0.2133336729690294,1.6945000000000001,0.101,4.1,3.6225,99.8084,-0.619829156166074,-0.6,1.73,-0.91,-2.73,0.19,-0.25,0.4
2024-10-31,19.960869565217394,315.631,0.2856398459641696,1.5386363636363638,0.12318181818181818,4.1,3.972272727272727,99.4695,-0.33955057890919793,2.98,-1.0,-0.86,0.91,-1.49,1.02,0.39
2024-11-30,16.015238095238097,316.528,0.28419261732848256,1.421578947368421,0.09842105263157895,4.2,4.2573684210526315,99.2925,-0.17794399288223461,0.81,6.49,4.63,0.38,-2.27,-1.93,0.4
2024-12-31,15.866190476190477,317.604,0.3399383308901438,1.4095238095238094,0.1657142857142857,4.1,4.225714285714285,100.3273,1.0421733766397212,-0.3,-3.16,-3.82,-2.97,1.88,-1.2,0.37
2025-01-31,16.763636363636365,318.961,0.42726162139017365,1.4476190476190476,0.35714285714285715,4.0,4.271904761904762,100.0647,-0.261743314132834,1.01,2.8,-1.23,1.76,-2.35,-3.22,0.37
2025-02-28,16.968,319.679,0.22510589068882592,1.471578947368421,0.24105263157894738,4.2,4.21,101.0993,1.033931046612846,-0.86,-2.43,-4.88,4.84,1.07,3.09,0.33
2025-03-31,21.841428571428573,319.785,0.03315826188146076,1.6504761904761902,0.31047619047619046,4.2,3.97,101.0404,-0.05825955273676131,-2.64,-6.39,-1.47,2.87,2.09,-0.46,0.34
2025-04-30,31.966190476190473,320.302,0.16167112278562268,1.9047619047619047,0.5014285714285714,4.2,3.7776190476190474,101.1279,0.08659902375682815,5.01,-0.84,-1.83,-3.29,-2.83,-2.59,0.35
2025-05-31,20.46227272727273,320.62,0.09928130327003792,1.8623809523809522,0.5038095238095238,4.3,3.9199999999999995,100.9655,-0.16058871982903566,2.25,6.06,-0.77,-2.81,1.29,2.48,0.38
2025-06-30,18.403333333333336,321.435,0.2541949971929469,1.7645,0.49450000000000005,4.1,3.8890000000000002,101.4785,0.5080943490598289,-2.65,4.86,-0.08,-1.43,-3.19,1.38,0.34
2025-07-31,16.381304347826084,322.169,0.22835098853577485,1.7068181818181818,0.5095454545454546,4.3,3.8822727272727273,101.894,0.4094463359233913,-0.94,1.98,-0.12,-1.34,-0.25,-2.0,0.34
2025-08-31,15.75,323.291,0.3482644202266627,1.7314285714285713,0.5609523809523809,4.3,3.703809523809524,101.6247,-0.26429426659076993,-3.61,1.84,4.82,4.37,-0.69,1.97,0.38
2025-09-30,15.789090909090909,324.245,0.2950901819104068,1.7128571428571429,0.5519047619047619,4.4,3.5685714285714285,101.668,0.04260775185560561,4.62,3.39,-2.17,-1.05,-2.01,-2.27,0.33
2025-10-31,18.086521739130436,,,1.6731818181818183,0.5404545454545455,,3.5213636363636365,101.2195,-0.44114175551797086,0.16,1.96,-1.35,-3.18,-5.25,-4.07,0.37
2025-11-30,19.7695,325.063,0.2522783697512576,1.7633333333333334,0.543888888888889,4.5,3.55,101.0344,-0.18286990155058636,-1.72,-0.13,1.48,3.76,1.43,0.64,0.3
2025-12-31,15.548181818181819,326.031,0.297788428704604,1.7545454545454546,0.6422727272727273,4.4,3.5009090909090905,101.4941,0.45499354675238024,-2.4,-0.36,-0.2,2.4,0.32,0.4,0.34
2026-01-31,16.17904761904762,326.588,0.170842649932057,1.6649999999999998,0.6765,4.3,3.537,101.0388,-0.44859750468254633,5.03,1.03,3.26,3.8,1.89,1.84,0.3
2026-02-28,19.207,327.46,0.26700307420970404,1.6868421052631577,0.6542105263157895,4.4,3.4715789473684215,101.9053,0.8575913411481562,1.31,-1.18,0.64,2.8,1.67,5.04,0.28
2026-03-31,25.596818181818183,330.293,0.8651438343614481,1.7895454545454543,0.5313636363636364,4.3,3.7145454545454544,101.7543,-0.14817678766462228,1.56,-5.18,0.67,3.29,-2.03,-0.12,0.29
2026-04-30,19.811904761904763,332.407,0.6400377846336402,1.7114285714285713,0.52,4.3,3.799090909090909,102.5198,0.752302359703716,9.51,9.95,0.46,-1.37,-4.15,-3.8,0.29
2026-05-31,17.237142857142857,333.979,0.47291422864139676,1.6190000000000002,0.489,4.3,3.995,102.5099,-0.009656671199120836,1.39,4.91,-2.65,-2.31,-8.16,-1.46,0.31
2026-06-30,17.90681818181818,332.568,-0.42248165303806484,1.5304761904761905,0.3576190476190476,4.2,4.112857142857143,102.7868,0.2701202518000656,4.62,-1.07,4.36,3.58,-5.07,3.45,0.29
2026-07-31,17.09086956521739,332.813,0.07366914435544825,1.585909090909091,0.3768181818181818,4.1,4.222727272727273,102.9939,0.20148501558565624,-12.25,-0.6,-0.12,2.11,11.05,2.34,0.33
2026-08-31,15.229523809523808,,,1.631904761904762,0.4680952380952381,4.1,4.2161904761904765,,,,,,,,,
2026-09-30,15.286666666666667,,,1.5766666666666669,0.41000000000000003,,4.373333333333333,,,,,,,,,
